ID;DATETIME;DAY;MONTH;QUARTER;YEAR
1;8.10.2016;Saturday;October_2016;Q4_2016;2016
2;10.10.2016;Monday;October_2016;Q4_2016;2016
3;11.10.2016;Tuesday;October_2016;Q4_2016;2016
4;12.10.2016;Wednesday;October_2016;Q4_2016;2016
5;13.10.2016;Thursday;October_2016;Q4_2016;2016
6;14.10.2016;Friday;October_2016;Q4_2016;2016
7;15.10.2016;Saturday;October_2016;Q4_2016;2016
8;16.10.2016;Sunday;October_2016;Q4_2016;2016
9;17.10.2016;Monday;October_2016;Q4_2016;2016
10;21.10.2016;Friday;October_2016;Q4_2016;2016
11;26.10.2016;Wednesday;October_2016;Q4_2016;2016
12;27.10.2016;Thursday;October_2016;Q4_2016;2016
13;31.10.2016;Monday;October_2016;Q4_2016;2016
14;9.1.2017;Monday;January_2017;Q1_2017;2017
15;10.1.2017;Tuesday;January_2017;Q1_2017;2017
16;14.1.2017;Saturday;January_2017;Q1_2017;2017
17;15.1.2017;Sunday;January_2017;Q1_2017;2017
18;16.1.2017;Monday;January_2017;Q1_2017;2017
19;17.1.2017;Tuesday;January_2017;Q1_2017;2017
20;18.1.2017;Wednesday;January_2017;Q1_2017;2017
21;19.1.2017;Thursday;January_2017;Q1_2017;2017
22;20.1.2017;Friday;January_2017;Q1_2017;2017
23;21.1.2017;Saturday;January_2017;Q1_2017;2017
24;22.1.2017;Sunday;January_2017;Q1_2017;2017
25;23.1.2017;Monday;January_2017;Q1_2017;2017
26;24.1.2017;Tuesday;January_2017;Q1_2017;2017
27;25.1.2017;Wednesday;January_2017;Q1_2017;2017
28;26.1.2017;Thursday;January_2017;Q1_2017;2017
29;27.1.2017;Friday;January_2017;Q1_2017;2017
30;28.1.2017;Saturday;January_2017;Q1_2017;2017
31;29.1.2017;Sunday;January_2017;Q1_2017;2017
32;30.1.2017;Monday;January_2017;Q1_2017;2017
33;31.1.2017;Tuesday;January_2017;Q1_2017;2017
34;1.2.2017;Wednesday;February_2017;Q1_2017;2017
35;2.2.2017;Thursday;February_2017;Q1_2017;2017
36;3.2.2017;Friday;February_2017;Q1_2017;2017
37;4.2.2017;Saturday;February_2017;Q1_2017;2017
38;5.2.2017;Sunday;February_2017;Q1_2017;2017
39;6.2.2017;Monday;February_2017;Q1_2017;2017
40;7.2.2017;Tuesday;February_2017;Q1_2017;2017
41;8.2.2017;Wednesday;February_2017;Q1_2017;2017
42;9.2.2017;Thursday;February_2017;Q1_2017;2017
43;10.2.2017;Friday;February_2017;Q1_2017;2017
44;11.2.2017;Saturday;February_2017;Q1_2017;2017
45;12.2.2017;Sunday;February_2017;Q1_2017;2017
46;13.2.2017;Monday;February_2017;Q1_2017;2017
47;14.2.2017;Tuesday;February_2017;Q1_2017;2017
48;15.2.2017;Wednesday;February_2017;Q1_2017;2017
49;16.2.2017;Thursday;February_2017;Q1_2017;2017
50;17.2.2017;Friday;February_2017;Q1_2017;2017
51;18.2.2017;Saturday;February_2017;Q1_2017;2017
52;19.2.2017;Sunday;February_2017;Q1_2017;2017
53;20.2.2017;Monday;February_2017;Q1_2017;2017
54;21.2.2017;Tuesday;February_2017;Q1_2017;2017
55;22.2.2017;Wednesday;February_2017;Q1_2017;2017
56;23.2.2017;Thursday;February_2017;Q1_2017;2017
57;24.2.2017;Friday;February_2017;Q1_2017;2017
58;25.2.2017;Saturday;February_2017;Q1_2017;2017
59;26.2.2017;Sunday;February_2017;Q1_2017;2017
60;27.2.2017;Monday;February_2017;Q1_2017;2017
61;28.2.2017;Tuesday;February_2017;Q1_2017;2017
62;1.3.2017;Wednesday;March_2017;Q1_2017;2017
63;2.3.2017;Thursday;March_2017;Q1_2017;2017
64;3.3.2017;Friday;March_2017;Q1_2017;2017
65;4.3.2017;Saturday;March_2017;Q1_2017;2017
66;5.3.2017;Sunday;March_2017;Q1_2017;2017
67;6.3.2017;Monday;March_2017;Q1_2017;2017
68;7.3.2017;Tuesday;March_2017;Q1_2017;2017
69;8.3.2017;Wednesday;March_2017;Q1_2017;2017
70;9.3.2017;Thursday;March_2017;Q1_2017;2017
71;10.3.2017;Friday;March_2017;Q1_2017;2017
72;12.3.2017;Sunday;March_2017;Q1_2017;2017
73;13.3.2017;Monday;March_2017;Q1_2017;2017
74;14.3.2017;Tuesday;March_2017;Q1_2017;2017
75;15.3.2017;Wednesday;March_2017;Q1_2017;2017
76;16.3.2017;Thursday;March_2017;Q1_2017;2017
77;17.3.2017;Friday;March_2017;Q1_2017;2017
78;19.3.2017;Sunday;March_2017;Q1_2017;2017
79;20.3.2017;Monday;March_2017;Q1_2017;2017
80;21.3.2017;Tuesday;March_2017;Q1_2017;2017
81;22.3.2017;Wednesday;March_2017;Q1_2017;2017
82;23.3.2017;Thursday;March_2017;Q1_2017;2017
83;24.3.2017;Friday;March_2017;Q1_2017;2017
84;26.3.2017;Sunday;March_2017;Q1_2017;2017
85;27.3.2017;Monday;March_2017;Q1_2017;2017
86;28.3.2017;Tuesday;March_2017;Q1_2017;2017
87;29.3.2017;Wednesday;March_2017;Q1_2017;2017
88;30.3.2017;Thursday;March_2017;Q1_2017;2017
89;31.3.2017;Friday;March_2017;Q1_2017;2017
90;2.4.2017;Sunday;April_2017;Q2_2017;2017
91;3.4.2017;Monday;April_2017;Q2_2017;2017
92;4.4.2017;Tuesday;April_2017;Q2_2017;2017
93;5.4.2017;Wednesday;April_2017;Q2_2017;2017
94;6.4.2017;Thursday;April_2017;Q2_2017;2017
95;7.4.2017;Friday;April_2017;Q2_2017;2017
96;9.4.2017;Sunday;April_2017;Q2_2017;2017
97;10.4.2017;Monday;April_2017;Q2_2017;2017
98;11.4.2017;Tuesday;April_2017;Q2_2017;2017
99;12.4.2017;Wednesday;April_2017;Q2_2017;2017
100;13.4.2017;Thursday;April_2017;Q2_2017;2017
101;14.4.2017;Friday;April_2017;Q2_2017;2017
102;16.4.2017;Sunday;April_2017;Q2_2017;2017
103;17.4.2017;Monday;April_2017;Q2_2017;2017
104;18.4.2017;Tuesday;April_2017;Q2_2017;2017
105;19.4.2017;Wednesday;April_2017;Q2_2017;2017
106;20.4.2017;Thursday;April_2017;Q2_2017;2017
107;23.4.2017;Sunday;April_2017;Q2_2017;2017
108;24.4.2017;Monday;April_2017;Q2_2017;2017
109;25.4.2017;Tuesday;April_2017;Q2_2017;2017
110;26.4.2017;Wednesday;April_2017;Q2_2017;2017
111;27.4.2017;Thursday;April_2017;Q2_2017;2017
112;28.4.2017;Friday;April_2017;Q2_2017;2017
113;1.5.2017;Monday;May_2017;Q2_2017;2017
114;2.5.2017;Tuesday;May_2017;Q2_2017;2017
115;3.5.2017;Wednesday;May_2017;Q2_2017;2017
116;4.5.2017;Thursday;May_2017;Q2_2017;2017
117;5.5.2017;Friday;May_2017;Q2_2017;2017
118;7.5.2017;Sunday;May_2017;Q2_2017;2017
119;8.5.2017;Monday;May_2017;Q2_2017;2017
120;9.5.2017;Tuesday;May_2017;Q2_2017;2017
121;10.5.2017;Wednesday;May_2017;Q2_2017;2017
122;11.5.2017;Thursday;May_2017;Q2_2017;2017
123;12.5.2017;Friday;May_2017;Q2_2017;2017
124;14.5.2017;Sunday;May_2017;Q2_2017;2017
125;15.5.2017;Monday;May_2017;Q2_2017;2017
126;16.5.2017;Tuesday;May_2017;Q2_2017;2017
127;17.5.2017;Wednesday;May_2017;Q2_2017;2017
128;18.5.2017;Thursday;May_2017;Q2_2017;2017
129;19.5.2017;Friday;May_2017;Q2_2017;2017
130;21.5.2017;Sunday;May_2017;Q2_2017;2017
131;22.5.2017;Monday;May_2017;Q2_2017;2017
132;23.5.2017;Tuesday;May_2017;Q2_2017;2017
133;24.5.2017;Wednesday;May_2017;Q2_2017;2017
134;25.5.2017;Thursday;May_2017;Q2_2017;2017
135;26.5.2017;Friday;May_2017;Q2_2017;2017
136;28.5.2017;Sunday;May_2017;Q2_2017;2017
137;29.5.2017;Monday;May_2017;Q2_2017;2017
138;30.5.2017;Tuesday;May_2017;Q2_2017;2017
139;31.5.2017;Wednesday;May_2017;Q2_2017;2017
140;1.6.2017;Thursday;June_2017;Q2_2017;2017
141;2.6.2017;Friday;June_2017;Q2_2017;2017
142;4.6.2017;Sunday;June_2017;Q2_2017;2017
143;5.6.2017;Monday;June_2017;Q2_2017;2017
144;6.6.2017;Tuesday;June_2017;Q2_2017;2017
145;7.6.2017;Wednesday;June_2017;Q2_2017;2017
146;8.6.2017;Thursday;June_2017;Q2_2017;2017
147;9.6.2017;Friday;June_2017;Q2_2017;2017
148;11.6.2017;Sunday;June_2017;Q2_2017;2017
149;12.6.2017;Monday;June_2017;Q2_2017;2017
150;13.6.2017;Tuesday;June_2017;Q2_2017;2017
151;14.6.2017;Wednesday;June_2017;Q2_2017;2017
152;15.6.2017;Thursday;June_2017;Q2_2017;2017
153;16.6.2017;Friday;June_2017;Q2_2017;2017
154;18.6.2017;Sunday;June_2017;Q2_2017;2017
155;19.6.2017;Monday;June_2017;Q2_2017;2017
156;20.6.2017;Tuesday;June_2017;Q2_2017;2017
157;21.6.2017;Wednesday;June_2017;Q2_2017;2017
158;22.6.2017;Thursday;June_2017;Q2_2017;2017
159;23.6.2017;Friday;June_2017;Q2_2017;2017
160;25.6.2017;Sunday;June_2017;Q2_2017;2017
161;26.6.2017;Monday;June_2017;Q2_2017;2017
162;27.6.2017;Tuesday;June_2017;Q2_2017;2017
163;28.6.2017;Wednesday;June_2017;Q2_2017;2017
164;29.6.2017;Thursday;June_2017;Q2_2017;2017
165;30.6.2017;Friday;June_2017;Q2_2017;2017
166;3.7.2017;Monday;July_2017;Q3_2017;2017
167;4.7.2017;Tuesday;July_2017;Q3_2017;2017
168;5.7.2017;Wednesday;July_2017;Q3_2017;2017
169;6.7.2017;Thursday;July_2017;Q3_2017;2017
170;7.7.2017;Friday;July_2017;Q3_2017;2017
171;9.7.2017;Sunday;July_2017;Q3_2017;2017
172;10.7.2017;Monday;July_2017;Q3_2017;2017
173;11.7.2017;Tuesday;July_2017;Q3_2017;2017
174;12.7.2017;Wednesday;July_2017;Q3_2017;2017
175;13.7.2017;Thursday;July_2017;Q3_2017;2017
176;14.7.2017;Friday;July_2017;Q3_2017;2017
177;16.7.2017;Sunday;July_2017;Q3_2017;2017
178;17.7.2017;Monday;July_2017;Q3_2017;2017
179;18.7.2017;Tuesday;July_2017;Q3_2017;2017
180;19.7.2017;Wednesday;July_2017;Q3_2017;2017
181;20.7.2017;Thursday;July_2017;Q3_2017;2017
182;21.7.2017;Friday;July_2017;Q3_2017;2017
183;23.7.2017;Sunday;July_2017;Q3_2017;2017
184;24.7.2017;Monday;July_2017;Q3_2017;2017
185;25.7.2017;Tuesday;July_2017;Q3_2017;2017
186;26.7.2017;Wednesday;July_2017;Q3_2017;2017
187;27.7.2017;Thursday;July_2017;Q3_2017;2017
188;28.7.2017;Friday;July_2017;Q3_2017;2017
189;30.7.2017;Sunday;July_2017;Q3_2017;2017
190;31.7.2017;Monday;July_2017;Q3_2017;2017
191;1.8.2017;Tuesday;August_2017;Q3_2017;2017
192;2.8.2017;Wednesday;August_2017;Q3_2017;2017
193;3.8.2017;Thursday;August_2017;Q3_2017;2017
194;4.8.2017;Friday;August_2017;Q3_2017;2017
195;6.8.2017;Sunday;August_2017;Q3_2017;2017
196;7.8.2017;Monday;August_2017;Q3_2017;2017
197;8.8.2017;Tuesday;August_2017;Q3_2017;2017
198;9.8.2017;Wednesday;August_2017;Q3_2017;2017
199;10.8.2017;Thursday;August_2017;Q3_2017;2017
200;11.8.2017;Friday;August_2017;Q3_2017;2017
201;13.8.2017;Sunday;August_2017;Q3_2017;2017
202;14.8.2017;Monday;August_2017;Q3_2017;2017
203;15.8.2017;Tuesday;August_2017;Q3_2017;2017
204;16.8.2017;Wednesday;August_2017;Q3_2017;2017
205;17.8.2017;Thursday;August_2017;Q3_2017;2017
206;18.8.2017;Friday;August_2017;Q3_2017;2017
207;20.8.2017;Sunday;August_2017;Q3_2017;2017
208;21.8.2017;Monday;August_2017;Q3_2017;2017
209;22.8.2017;Tuesday;August_2017;Q3_2017;2017
210;23.8.2017;Wednesday;August_2017;Q3_2017;2017
211;24.8.2017;Thursday;August_2017;Q3_2017;2017
212;25.8.2017;Friday;August_2017;Q3_2017;2017
213;27.8.2017;Sunday;August_2017;Q3_2017;2017
214;28.8.2017;Monday;August_2017;Q3_2017;2017
215;29.8.2017;Tuesday;August_2017;Q3_2017;2017
216;30.8.2017;Wednesday;August_2017;Q3_2017;2017
217;31.8.2017;Thursday;August_2017;Q3_2017;2017
218;1.9.2017;Friday;September_2017;Q3_2017;2017
219;3.9.2017;Sunday;September_2017;Q3_2017;2017
220;4.9.2017;Monday;September_2017;Q3_2017;2017
221;5.9.2017;Tuesday;September_2017;Q3_2017;2017
222;6.9.2017;Wednesday;September_2017;Q3_2017;2017
223;7.9.2017;Thursday;September_2017;Q3_2017;2017
224;8.9.2017;Friday;September_2017;Q3_2017;2017
225;10.9.2017;Sunday;September_2017;Q3_2017;2017
226;11.9.2017;Monday;September_2017;Q3_2017;2017
227;12.9.2017;Tuesday;September_2017;Q3_2017;2017
228;13.9.2017;Wednesday;September_2017;Q3_2017;2017
229;14.9.2017;Thursday;September_2017;Q3_2017;2017
230;15.9.2017;Friday;September_2017;Q3_2017;2017
231;17.9.2017;Sunday;September_2017;Q3_2017;2017
232;18.9.2017;Monday;September_2017;Q3_2017;2017
233;19.9.2017;Tuesday;September_2017;Q3_2017;2017
234;20.9.2017;Wednesday;September_2017;Q3_2017;2017
235;21.9.2017;Thursday;September_2017;Q3_2017;2017
236;22.9.2017;Friday;September_2017;Q3_2017;2017
237;24.9.2017;Sunday;September_2017;Q3_2017;2017
238;25.9.2017;Monday;September_2017;Q3_2017;2017
239;26.9.2017;Tuesday;September_2017;Q3_2017;2017
240;27.9.2017;Wednesday;September_2017;Q3_2017;2017
241;28.9.2017;Thursday;September_2017;Q3_2017;2017
242;29.9.2017;Friday;September_2017;Q3_2017;2017
243;1.10.2017;Sunday;October_2017;Q4_2017;2017
244;2.10.2017;Monday;October_2017;Q4_2017;2017
245;3.10.2017;Tuesday;October_2017;Q4_2017;2017
246;4.10.2017;Wednesday;October_2017;Q4_2017;2017
247;5.10.2017;Thursday;October_2017;Q4_2017;2017
248;6.10.2017;Friday;October_2017;Q4_2017;2017
249;8.10.2017;Sunday;October_2017;Q4_2017;2017
250;9.10.2017;Monday;October_2017;Q4_2017;2017
251;10.10.2017;Tuesday;October_2017;Q4_2017;2017
252;11.10.2017;Wednesday;October_2017;Q4_2017;2017
253;12.10.2017;Thursday;October_2017;Q4_2017;2017
254;13.10.2017;Friday;October_2017;Q4_2017;2017
255;15.10.2017;Sunday;October_2017;Q4_2017;2017
256;16.10.2017;Monday;October_2017;Q4_2017;2017
257;17.10.2017;Tuesday;October_2017;Q4_2017;2017
258;18.10.2017;Wednesday;October_2017;Q4_2017;2017
259;19.10.2017;Thursday;October_2017;Q4_2017;2017
260;20.10.2017;Friday;October_2017;Q4_2017;2017
261;22.10.2017;Sunday;October_2017;Q4_2017;2017
262;23.10.2017;Monday;October_2017;Q4_2017;2017
263;24.10.2017;Tuesday;October_2017;Q4_2017;2017
264;25.10.2017;Wednesday;October_2017;Q4_2017;2017
265;26.10.2017;Thursday;October_2017;Q4_2017;2017
266;27.10.2017;Friday;October_2017;Q4_2017;2017
267;29.10.2017;Sunday;October_2017;Q4_2017;2017
268;30.10.2017;Monday;October_2017;Q4_2017;2017
269;31.10.2017;Tuesday;October_2017;Q4_2017;2017
270;1.11.2017;Wednesday;November_2017;Q4_2017;2017
271;2.11.2017;Thursday;November_2017;Q4_2017;2017
272;3.11.2017;Friday;November_2017;Q4_2017;2017
273;5.11.2017;Sunday;November_2017;Q4_2017;2017
274;6.11.2017;Monday;November_2017;Q4_2017;2017
275;7.11.2017;Tuesday;November_2017;Q4_2017;2017
276;8.11.2017;Wednesday;November_2017;Q4_2017;2017
277;9.11.2017;Thursday;November_2017;Q4_2017;2017
278;10.11.2017;Friday;November_2017;Q4_2017;2017
279;12.11.2017;Sunday;November_2017;Q4_2017;2017
280;13.11.2017;Monday;November_2017;Q4_2017;2017
281;14.11.2017;Tuesday;November_2017;Q4_2017;2017
282;15.11.2017;Wednesday;November_2017;Q4_2017;2017
283;16.11.2017;Thursday;November_2017;Q4_2017;2017
284;17.11.2017;Friday;November_2017;Q4_2017;2017
285;19.11.2017;Sunday;November_2017;Q4_2017;2017
286;20.11.2017;Monday;November_2017;Q4_2017;2017
287;21.11.2017;Tuesday;November_2017;Q4_2017;2017
288;22.11.2017;Wednesday;November_2017;Q4_2017;2017
289;23.11.2017;Thursday;November_2017;Q4_2017;2017
290;24.11.2017;Friday;November_2017;Q4_2017;2017
291;26.11.2017;Sunday;November_2017;Q4_2017;2017
292;27.11.2017;Monday;November_2017;Q4_2017;2017
293;28.11.2017;Tuesday;November_2017;Q4_2017;2017
294;29.11.2017;Wednesday;November_2017;Q4_2017;2017
295;30.11.2017;Thursday;November_2017;Q4_2017;2017
296;1.12.2017;Friday;December_2017;Q4_2017;2017
297;3.12.2017;Sunday;December_2017;Q4_2017;2017
298;4.12.2017;Monday;December_2017;Q4_2017;2017
299;5.12.2017;Tuesday;December_2017;Q4_2017;2017
300;6.12.2017;Wednesday;December_2017;Q4_2017;2017
301;7.12.2017;Thursday;December_2017;Q4_2017;2017
302;8.12.2017;Friday;December_2017;Q4_2017;2017
303;11.12.2017;Monday;December_2017;Q4_2017;2017
304;12.12.2017;Tuesday;December_2017;Q4_2017;2017
305;13.12.2017;Wednesday;December_2017;Q4_2017;2017
306;14.12.2017;Thursday;December_2017;Q4_2017;2017
307;15.12.2017;Friday;December_2017;Q4_2017;2017
308;17.12.2017;Sunday;December_2017;Q4_2017;2017
309;18.12.2017;Monday;December_2017;Q4_2017;2017
310;19.12.2017;Tuesday;December_2017;Q4_2017;2017
311;20.12.2017;Wednesday;December_2017;Q4_2017;2017
312;21.12.2017;Thursday;December_2017;Q4_2017;2017
313;22.12.2017;Friday;December_2017;Q4_2017;2017
314;25.12.2017;Monday;December_2017;Q4_2017;2017
315;26.12.2017;Tuesday;December_2017;Q4_2017;2017
316;27.12.2017;Wednesday;December_2017;Q4_2017;2017
317;28.12.2017;Thursday;December_2017;Q4_2017;2017
318;29.12.2017;Friday;December_2017;Q4_2017;2017
319;1.1.2018;Monday;January_2018;Q1_2018;2018
320;2.1.2018;Tuesday;January_2018;Q1_2018;2018
321;3.1.2018;Wednesday;January_2018;Q1_2018;2018
322;4.1.2018;Thursday;January_2018;Q1_2018;2018
323;5.1.2018;Friday;January_2018;Q1_2018;2018
324;7.1.2018;Sunday;January_2018;Q1_2018;2018
325;8.1.2018;Monday;January_2018;Q1_2018;2018
326;9.1.2018;Tuesday;January_2018;Q1_2018;2018
327;10.1.2018;Wednesday;January_2018;Q1_2018;2018
328;11.1.2018;Thursday;January_2018;Q1_2018;2018
329;12.1.2018;Friday;January_2018;Q1_2018;2018
330;14.1.2018;Sunday;January_2018;Q1_2018;2018
331;15.1.2018;Monday;January_2018;Q1_2018;2018
332;16.1.2018;Tuesday;January_2018;Q1_2018;2018
333;17.1.2018;Wednesday;January_2018;Q1_2018;2018
334;18.1.2018;Thursday;January_2018;Q1_2018;2018
335;19.1.2018;Friday;January_2018;Q1_2018;2018
336;21.1.2018;Sunday;January_2018;Q1_2018;2018
337;22.1.2018;Monday;January_2018;Q1_2018;2018
338;23.1.2018;Tuesday;January_2018;Q1_2018;2018
339;24.1.2018;Wednesday;January_2018;Q1_2018;2018
340;25.1.2018;Thursday;January_2018;Q1_2018;2018
341;26.1.2018;Friday;January_2018;Q1_2018;2018
342;28.1.2018;Sunday;January_2018;Q1_2018;2018
343;29.1.2018;Monday;January_2018;Q1_2018;2018
344;30.1.2018;Tuesday;January_2018;Q1_2018;2018
345;31.1.2018;Wednesday;January_2018;Q1_2018;2018
346;1.2.2018;Thursday;February_2018;Q1_2018;2018
347;2.2.2018;Friday;February_2018;Q1_2018;2018
348;4.2.2018;Sunday;February_2018;Q1_2018;2018
349;5.2.2018;Monday;February_2018;Q1_2018;2018
350;6.2.2018;Tuesday;February_2018;Q1_2018;2018
351;7.2.2018;Wednesday;February_2018;Q1_2018;2018
352;8.2.2018;Thursday;February_2018;Q1_2018;2018
353;9.2.2018;Friday;February_2018;Q1_2018;2018
354;11.2.2018;Sunday;February_2018;Q1_2018;2018
355;12.2.2018;Monday;February_2018;Q1_2018;2018
356;13.2.2018;Tuesday;February_2018;Q1_2018;2018
357;14.2.2018;Wednesday;February_2018;Q1_2018;2018
358;15.2.2018;Thursday;February_2018;Q1_2018;2018
359;16.2.2018;Friday;February_2018;Q1_2018;2018
360;18.2.2018;Sunday;February_2018;Q1_2018;2018
361;19.2.2018;Monday;February_2018;Q1_2018;2018
362;20.2.2018;Tuesday;February_2018;Q1_2018;2018
363;21.2.2018;Wednesday;February_2018;Q1_2018;2018
364;22.2.2018;Thursday;February_2018;Q1_2018;2018
365;23.2.2018;Friday;February_2018;Q1_2018;2018
366;25.2.2018;Sunday;February_2018;Q1_2018;2018
367;26.2.2018;Monday;February_2018;Q1_2018;2018
368;27.2.2018;Tuesday;February_2018;Q1_2018;2018
369;28.2.2018;Wednesday;February_2018;Q1_2018;2018
370;1.3.2018;Thursday;March_2018;Q1_2018;2018
371;2.3.2018;Friday;March_2018;Q1_2018;2018
372;4.3.2018;Sunday;March_2018;Q1_2018;2018
373;5.3.2018;Monday;March_2018;Q1_2018;2018
374;6.3.2018;Tuesday;March_2018;Q1_2018;2018
375;7.3.2018;Wednesday;March_2018;Q1_2018;2018
376;8.3.2018;Thursday;March_2018;Q1_2018;2018
377;9.3.2018;Friday;March_2018;Q1_2018;2018
378;11.3.2018;Sunday;March_2018;Q1_2018;2018
379;12.3.2018;Monday;March_2018;Q1_2018;2018
380;13.3.2018;Tuesday;March_2018;Q1_2018;2018
381;14.3.2018;Wednesday;March_2018;Q1_2018;2018
382;15.3.2018;Thursday;March_2018;Q1_2018;2018
383;16.3.2018;Friday;March_2018;Q1_2018;2018
384;18.3.2018;Sunday;March_2018;Q1_2018;2018
385;19.3.2018;Monday;March_2018;Q1_2018;2018
386;20.3.2018;Tuesday;March_2018;Q1_2018;2018
387;21.3.2018;Wednesday;March_2018;Q1_2018;2018
388;22.3.2018;Thursday;March_2018;Q1_2018;2018
389;23.3.2018;Friday;March_2018;Q1_2018;2018
390;25.3.2018;Sunday;March_2018;Q1_2018;2018
391;26.3.2018;Monday;March_2018;Q1_2018;2018
392;27.3.2018;Tuesday;March_2018;Q1_2018;2018
393;28.3.2018;Wednesday;March_2018;Q1_2018;2018
394;29.3.2018;Thursday;March_2018;Q1_2018;2018
395;30.3.2018;Friday;March_2018;Q1_2018;2018
396;1.4.2018;Sunday;April_2018;Q2_2018;2018
397;2.4.2018;Monday;April_2018;Q2_2018;2018
398;3.4.2018;Tuesday;April_2018;Q2_2018;2018
399;4.4.2018;Wednesday;April_2018;Q2_2018;2018
400;5.4.2018;Thursday;April_2018;Q2_2018;2018
401;6.4.2018;Friday;April_2018;Q2_2018;2018
402;8.4.2018;Sunday;April_2018;Q2_2018;2018
403;9.4.2018;Monday;April_2018;Q2_2018;2018
404;10.4.2018;Tuesday;April_2018;Q2_2018;2018
405;11.4.2018;Wednesday;April_2018;Q2_2018;2018
406;12.4.2018;Thursday;April_2018;Q2_2018;2018
407;13.4.2018;Friday;April_2018;Q2_2018;2018
408;15.4.2018;Sunday;April_2018;Q2_2018;2018
409;16.4.2018;Monday;April_2018;Q2_2018;2018
410;17.4.2018;Tuesday;April_2018;Q2_2018;2018
411;18.4.2018;Wednesday;April_2018;Q2_2018;2018
412;19.4.2018;Thursday;April_2018;Q2_2018;2018
413;20.4.2018;Friday;April_2018;Q2_2018;2018
414;22.4.2018;Sunday;April_2018;Q2_2018;2018
415;23.4.2018;Monday;April_2018;Q2_2018;2018
416;24.4.2018;Tuesday;April_2018;Q2_2018;2018
417;25.4.2018;Wednesday;April_2018;Q2_2018;2018
418;26.4.2018;Thursday;April_2018;Q2_2018;2018
419;27.4.2018;Friday;April_2018;Q2_2018;2018
420;29.4.2018;Sunday;April_2018;Q2_2018;2018
421;30.4.2018;Monday;April_2018;Q2_2018;2018
422;1.5.2018;Tuesday;May_2018;Q2_2018;2018
423;2.5.2018;Wednesday;May_2018;Q2_2018;2018
424;3.5.2018;Thursday;May_2018;Q2_2018;2018
425;4.5.2018;Friday;May_2018;Q2_2018;2018
426;6.5.2018;Sunday;May_2018;Q2_2018;2018
427;7.5.2018;Monday;May_2018;Q2_2018;2018
428;8.5.2018;Tuesday;May_2018;Q2_2018;2018
429;9.5.2018;Wednesday;May_2018;Q2_2018;2018
430;10.5.2018;Thursday;May_2018;Q2_2018;2018
431;11.5.2018;Friday;May_2018;Q2_2018;2018
432;13.5.2018;Sunday;May_2018;Q2_2018;2018
433;14.5.2018;Monday;May_2018;Q2_2018;2018
434;15.5.2018;Tuesday;May_2018;Q2_2018;2018
435;16.5.2018;Wednesday;May_2018;Q2_2018;2018
436;17.5.2018;Thursday;May_2018;Q2_2018;2018
437;18.5.2018;Friday;May_2018;Q2_2018;2018
438;20.5.2018;Sunday;May_2018;Q2_2018;2018
439;21.5.2018;Monday;May_2018;Q2_2018;2018
440;22.5.2018;Tuesday;May_2018;Q2_2018;2018
441;23.5.2018;Wednesday;May_2018;Q2_2018;2018
442;24.5.2018;Thursday;May_2018;Q2_2018;2018
443;25.5.2018;Friday;May_2018;Q2_2018;2018
444;27.5.2018;Sunday;May_2018;Q2_2018;2018
445;28.5.2018;Monday;May_2018;Q2_2018;2018
446;29.5.2018;Tuesday;May_2018;Q2_2018;2018
447;30.5.2018;Wednesday;May_2018;Q2_2018;2018
448;31.5.2018;Thursday;May_2018;Q2_2018;2018
449;1.6.2018;Friday;June_2018;Q2_2018;2018
450;3.6.2018;Sunday;June_2018;Q2_2018;2018
451;4.6.2018;Monday;June_2018;Q2_2018;2018
452;5.6.2018;Tuesday;June_2018;Q2_2018;2018
453;6.6.2018;Wednesday;June_2018;Q2_2018;2018
454;7.6.2018;Thursday;June_2018;Q2_2018;2018
455;8.6.2018;Friday;June_2018;Q2_2018;2018
456;10.6.2018;Sunday;June_2018;Q2_2018;2018
457;11.6.2018;Monday;June_2018;Q2_2018;2018
458;12.6.2018;Tuesday;June_2018;Q2_2018;2018
459;13.6.2018;Wednesday;June_2018;Q2_2018;2018
460;14.6.2018;Thursday;June_2018;Q2_2018;2018
461;15.6.2018;Friday;June_2018;Q2_2018;2018
462;17.6.2018;Sunday;June_2018;Q2_2018;2018
463;18.6.2018;Monday;June_2018;Q2_2018;2018
464;19.6.2018;Tuesday;June_2018;Q2_2018;2018
465;20.6.2018;Wednesday;June_2018;Q2_2018;2018
466;21.6.2018;Thursday;June_2018;Q2_2018;2018
467;22.6.2018;Friday;June_2018;Q2_2018;2018
468;24.6.2018;Sunday;June_2018;Q2_2018;2018
469;25.6.2018;Monday;June_2018;Q2_2018;2018
470;26.6.2018;Tuesday;June_2018;Q2_2018;2018
471;27.6.2018;Wednesday;June_2018;Q2_2018;2018
472;28.6.2018;Thursday;June_2018;Q2_2018;2018
473;29.6.2018;Friday;June_2018;Q2_2018;2018
474;1.7.2018;Sunday;July_2018;Q3_2018;2018
475;2.7.2018;Monday;July_2018;Q3_2018;2018
476;3.7.2018;Tuesday;July_2018;Q3_2018;2018
477;4.7.2018;Wednesday;July_2018;Q3_2018;2018
478;5.7.2018;Thursday;July_2018;Q3_2018;2018
479;6.7.2018;Friday;July_2018;Q3_2018;2018
480;8.7.2018;Sunday;July_2018;Q3_2018;2018
481;9.7.2018;Monday;July_2018;Q3_2018;2018
482;10.7.2018;Tuesday;July_2018;Q3_2018;2018
483;11.7.2018;Wednesday;July_2018;Q3_2018;2018
484;12.7.2018;Thursday;July_2018;Q3_2018;2018
485;13.7.2018;Friday;July_2018;Q3_2018;2018
486;15.7.2018;Sunday;July_2018;Q3_2018;2018
487;16.7.2018;Monday;July_2018;Q3_2018;2018
488;17.7.2018;Tuesday;July_2018;Q3_2018;2018
489;18.7.2018;Wednesday;July_2018;Q3_2018;2018
490;19.7.2018;Thursday;July_2018;Q3_2018;2018
491;20.7.2018;Friday;July_2018;Q3_2018;2018
492;22.7.2018;Sunday;July_2018;Q3_2018;2018
493;23.7.2018;Monday;July_2018;Q3_2018;2018
494;24.7.2018;Tuesday;July_2018;Q3_2018;2018
495;25.7.2018;Wednesday;July_2018;Q3_2018;2018
496;26.7.2018;Thursday;July_2018;Q3_2018;2018
497;27.7.2018;Friday;July_2018;Q3_2018;2018
498;29.7.2018;Sunday;July_2018;Q3_2018;2018
499;30.7.2018;Monday;July_2018;Q3_2018;2018
500;31.7.2018;Tuesday;July_2018;Q3_2018;2018
501;1.8.2018;Wednesday;August_2018;Q3_2018;2018
502;2.8.2018;Thursday;August_2018;Q3_2018;2018
503;3.8.2018;Friday;August_2018;Q3_2018;2018
504;5.8.2018;Sunday;August_2018;Q3_2018;2018
505;6.8.2018;Monday;August_2018;Q3_2018;2018
506;7.8.2018;Tuesday;August_2018;Q3_2018;2018
507;8.8.2018;Wednesday;August_2018;Q3_2018;2018
508;9.8.2018;Thursday;August_2018;Q3_2018;2018
509;10.8.2018;Friday;August_2018;Q3_2018;2018
510;12.8.2018;Sunday;August_2018;Q3_2018;2018
511;13.8.2018;Monday;August_2018;Q3_2018;2018
512;14.8.2018;Tuesday;August_2018;Q3_2018;2018
513;15.8.2018;Wednesday;August_2018;Q3_2018;2018
514;16.8.2018;Thursday;August_2018;Q3_2018;2018
515;17.8.2018;Friday;August_2018;Q3_2018;2018
516;19.8.2018;Sunday;August_2018;Q3_2018;2018
517;20.8.2018;Monday;August_2018;Q3_2018;2018
518;21.8.2018;Tuesday;August_2018;Q3_2018;2018
519;22.8.2018;Wednesday;August_2018;Q3_2018;2018
520;23.8.2018;Thursday;August_2018;Q3_2018;2018
521;24.8.2018;Friday;August_2018;Q3_2018;2018
522;26.8.2018;Sunday;August_2018;Q3_2018;2018
523;27.8.2018;Monday;August_2018;Q3_2018;2018
524;28.8.2018;Tuesday;August_2018;Q3_2018;2018
525;29.8.2018;Wednesday;August_2018;Q3_2018;2018
526;30.8.2018;Thursday;August_2018;Q3_2018;2018
527;31.8.2018;Friday;August_2018;Q3_2018;2018
528;3.9.2018;Monday;September_2018;Q3_2018;2018
529;4.9.2018;Tuesday;September_2018;Q3_2018;2018
530;5.9.2018;Wednesday;September_2018;Q3_2018;2018
531;14.9.2018;Friday;September_2018;Q3_2018;2018
532;18.9.2018;Tuesday;September_2018;Q3_2018;2018
533;5.2.2020;Wednesday;February_2020;Q1_2020;2020
