CREATE TABLE AIR_TRAFFIC_CONTROLLER(	
	HOME_ATC_WORKER_ID NUMBER(*,0) PRIMARY KEY NOT NULL, 
	SALARY NUMBER(*,0) NOT NULL, 
	NAME_OF_WORKER VARCHAR2(255) NOT NULL, 
	ID_OF_TOWER NUMBER(*,0) NOT NULL, 
	LOCATION VARCHAR2(255) NOT NULL
   );

CREATE TABLE AIRPLANE (	
	AIRPLANE_ID NUMBER(*,0) PRIMARY KEY NOT NULL, 
	NUMBER_ NUMBER(*,0) NOT NULL, 
	PILOT_ID NUMBER(*,0) NOT NULL, 
	NAME_OF_PILOT VARCHAR2(255) NOT NULL, 
	AMOUNT_OF_FUEL NUMBER(*,0) NOT NULL, 
	AIRPLANE_TYPE VARCHAR2(255) NOT NULL, 
	WEIGHT_OF_LUGGAGE NUMBER(*,0) NOT NULL, 
	PASSENGER_ID NUMBER(*,0) NOT NULL, 
	DESTINATION_TOWER_ID NUMBER(*,0) NOT NULL, 
	HOME_ATC_WORKER_ID NUMBER(*,0) NOT NULL,
	HANGAR_ID NUMBER(*,0) NOT NULL,
	DESTINATION VARCHAR(255) NOT NULL
   );

CREATE TABLE DRIVER(
	DRIVER_ID NUMBER(*,0) PRIMARY KEY NOT NULL, 
	SALARY NUMBER(*,0) NOT NULL, 
	NAME_OF_DRIVER VARCHAR2(255) NOT NULL, 
	DRIVERS_LICENCE VARCHAR2(255) NOT NULL, 
	TIME_OF_SCHIFT VARCHAR2(255) NOT NULL, 
	VEHICLE_ID NUMBER(*,0) NOT NULL
   );

CREATE TABLE HANGAR (
	HANGAR_ID NUMBER(*,0) PRIMARY KEY NOT NULL, 
	POSITION_IN_AIRPORT_COMPLEX VARCHAR2(255), 
	MECHANIC_ID NUMBER(*,0), 
	DRIVER_ID NUMBER(*,0), 
	PILOT_ID NUMBER(*,0),
	NUMBER_ NUMBER(*,0), 
	VEHICLE_ID NUMBER(*,0),
	AIRPLANE_ID NUMBER(*,0)
   );

CREATE TABLE CHECK_IN_WORKER (
	WORKER_ID NUMBER(*,0) PRIMARY KEY NOT NULL, 
	SALARY NUMBER(*,0) NOT NULL, 
	NAME_OF_WORKER VARCHAR2(255) NOT NULL, 
	CHECK_IN_STATION NUMBER(*,0) NOT NULL, 
	PASSENGER_ID NUMBER(*,0) NOT NULL, 
	TIME_OF_SCHIFT VARCHAR2(255) NOT NULL
   );


CREATE TABLE LAND_VEHICLE (
	VEHICLE_ID NUMBER(*,0) PRIMARY KEY NOT NULL, 
	NUMBER_ NUMBER(*,0) NOT NULL, 
	DRIVER_ID NUMBER(*,0) NOT NULL, 
	NAME_OF_DRIVER VARCHAR2(255) NOT NULL, 
	AMOUNT_OF_FUEL NUMBER(*,0) NOT NULL, 
	VEHICLE_TYPE VARCHAR2(255) NOT NULL,
	HANGAR_ID NUMBER(*,0) NOT NULL
   );
   


CREATE TABLE LUGGAGE (
	LUGGAGE_ID NUMBER(*,0) PRIMARY KEY NOT NULL, 
	NAME_OF_OWNER VARCHAR2(255) NOT NULL
   );


CREATE TABLE MECHANIC(
	MECHANIC_ID NUMBER(*,0) PRIMARY KEY NOT NULL, 
	SALARY NUMBER(*,0) NOT NULL, 
	NAME_OF_MECHANIC VARCHAR2(255) NOT NULL, 
	VEHICLE_ID NUMBER(*,0) NOT NULL, 
	TIME_OF_SCHIFT VARCHAR2(255) NOT NULL,
	AIRPLANE_ID NUMBER(*,0) NOT NULL
   );

CREATE TABLE PASSENGER(
	PASSENGER_ID NUMBER(*,0) PRIMARY KEY NOT NULL, 
	TICKET_ID NUMBER(*,0) NOT NULL, 
	SECURITY_CLEARANCE VARCHAR2(255) NOT NULL, 
	NAME_OF_PASSENGER VARCHAR2(255) NOT NULL, 
	LUGGAGE_ID NUMBER(*,0) NOT NULL,
	TIME_OF_DEPARTURE VARCHAR2(255) NOT NULL
   );

CREATE TABLE PILOT(
	PILOT_ID NUMBER(*,0) PRIMARY KEY NOT NULL, 
	SALARY NUMBER(*,0) NOT NULL, 
	NAME_OF_PILOT VARCHAR2(255) NOT NULL, 
	AIRPLANE_ID NUMBER(*,0) NOT NULL, 
	TIME_OF_SCHIFT VARCHAR2(255) NOT NULL
   );

CREATE TABLE PLANES_DESTINATION_ATCT (
	DESTINATION_TOWER_ID NUMBER(*,0) PRIMARY KEY NOT NULL, 
	PLANES_INFORMATIONS VARCHAR2(255) NOT NULL, 
	HOME_ATC_WORKER_ID NUMBER(*,0) NOT NULL
   );

CREATE TABLE SECURITY_WORKER (
	WORKER_ID NUMBER(*,0) PRIMARY KEY NOT NULL, 
	SALARY NUMBER(*,0) NOT NULL, 
	NAME_OF_WORKER VARCHAR2(255) NOT NULL, 
	SECURITY_STATION NUMBER(*,0) NOT NULL, 
	PASSENGER_ID NUMBER(*,0) NOT NULL, 
	TIME_OF_SCHIFT VARCHAR2(255) NOT NULL
   );

Insert into AIR_TRAFFIC_CONTROLLER (HOME_ATC_WORKER_ID,SALARY,NAME_OF_WORKER,ID_OF_TOWER,LOCATION) values ('652001','2600','Joel Newmann','551','NE');
Insert into AIR_TRAFFIC_CONTROLLER (HOME_ATC_WORKER_ID,SALARY,NAME_OF_WORKER,ID_OF_TOWER,LOCATION) values ('652002','2750','Jose Vamoss','552','NE');
Insert into AIR_TRAFFIC_CONTROLLER (HOME_ATC_WORKER_ID,SALARY,NAME_OF_WORKER,ID_OF_TOWER,LOCATION) values ('652003','2650','Terry Crews','553','NE');
Insert into AIR_TRAFFIC_CONTROLLER (HOME_ATC_WORKER_ID,SALARY,NAME_OF_WORKER,ID_OF_TOWER,LOCATION) values ('652004','2800','Xavier Lambda','554','SW');
Insert into AIR_TRAFFIC_CONTROLLER (HOME_ATC_WORKER_ID,SALARY,NAME_OF_WORKER,ID_OF_TOWER,LOCATION) values ('652005','3000','Gordon not a Freeman','555','SW');
Insert into AIR_TRAFFIC_CONTROLLER (HOME_ATC_WORKER_ID,SALARY,NAME_OF_WORKER,ID_OF_TOWER,LOCATION) values ('652006','2664','Ellie Martin','556','SE');
Insert into AIR_TRAFFIC_CONTROLLER (HOME_ATC_WORKER_ID,SALARY,NAME_OF_WORKER,ID_OF_TOWER,LOCATION) values ('652007','2600','Lindsey Morrisson','557','SE');
Insert into AIR_TRAFFIC_CONTROLLER (HOME_ATC_WORKER_ID,SALARY,NAME_OF_WORKER,ID_OF_TOWER,LOCATION) values ('652008','2750','Uriah Perez','558','SE');
Insert into AIR_TRAFFIC_CONTROLLER (HOME_ATC_WORKER_ID,SALARY,NAME_OF_WORKER,ID_OF_TOWER,LOCATION) values ('652009','2650','Jeffrey Massey','559','NE');
Insert into AIR_TRAFFIC_CONTROLLER (HOME_ATC_WORKER_ID,SALARY,NAME_OF_WORKER,ID_OF_TOWER,LOCATION) values ('652010','2800','Sam Greene','560','NE');
Insert into AIR_TRAFFIC_CONTROLLER (HOME_ATC_WORKER_ID,SALARY,NAME_OF_WORKER,ID_OF_TOWER,LOCATION) values ('652011','3000','Tiana Wooten','561','NE');
Insert into AIR_TRAFFIC_CONTROLLER (HOME_ATC_WORKER_ID,SALARY,NAME_OF_WORKER,ID_OF_TOWER,LOCATION) values ('652012','2978','Katalina Webster','562','SW');
Insert into AIR_TRAFFIC_CONTROLLER (HOME_ATC_WORKER_ID,SALARY,NAME_OF_WORKER,ID_OF_TOWER,LOCATION) values ('652013','2978','Alex Brooks','563','SW');
Insert into AIR_TRAFFIC_CONTROLLER (HOME_ATC_WORKER_ID,SALARY,NAME_OF_WORKER,ID_OF_TOWER,LOCATION) values ('652014','3000','Chris French','564','NW');
Insert into AIR_TRAFFIC_CONTROLLER (HOME_ATC_WORKER_ID,SALARY,NAME_OF_WORKER,ID_OF_TOWER,LOCATION) values ('652015','3000','Derrick Brown','565','NW');
Insert into AIR_TRAFFIC_CONTROLLER (HOME_ATC_WORKER_ID,SALARY,NAME_OF_WORKER,ID_OF_TOWER,LOCATION) values ('652016','2600','Elliot Black','566','NW');
Insert into AIR_TRAFFIC_CONTROLLER (HOME_ATC_WORKER_ID,SALARY,NAME_OF_WORKER,ID_OF_TOWER,LOCATION) values ('652017','2750','Brennan Schneider','567','NW');
Insert into AIR_TRAFFIC_CONTROLLER (HOME_ATC_WORKER_ID,SALARY,NAME_OF_WORKER,ID_OF_TOWER,LOCATION) values ('652018','2650','Stephen Hawking','568','NW');
Insert into AIR_TRAFFIC_CONTROLLER (HOME_ATC_WORKER_ID,SALARY,NAME_OF_WORKER,ID_OF_TOWER,LOCATION) values ('652019','2800','Joana Atkinson','569','NE');
Insert into AIR_TRAFFIC_CONTROLLER (HOME_ATC_WORKER_ID,SALARY,NAME_OF_WORKER,ID_OF_TOWER,LOCATION) values ('652020','3000','Rowan Atkinson','570','SW');
REM INSERTING into AIRPLANE
SET DEFINE OFF;
Insert into AIRPLANE (AIRPLANE_ID,NUMBER_,PILOT_ID,NAME_OF_PILOT,AMOUNT_OF_FUEL,AIRPLANE_TYPE,WEIGHT_OF_LUGGAGE,PASSENGER_ID,DESTINATION_TOWER_ID,HOME_ATC_WORKER_ID,HANGAR_ID,DESTINATION) values ('111','17','1400','Bal˙','16500','747','1500','8888256','971','652001','111','Madrid');
Insert into AIRPLANE (AIRPLANE_ID,NUMBER_,PILOT_ID,NAME_OF_PILOT,AMOUNT_OF_FUEL,AIRPLANE_TYPE,WEIGHT_OF_LUGGAGE,PASSENGER_ID,DESTINATION_TOWER_ID,HOME_ATC_WORKER_ID,HANGAR_ID,DESTINATION) values ('112','28','1401','Amelia Earhart','17200','747','1200','8888257','972','652002','112','Maledives');
Insert into AIRPLANE (AIRPLANE_ID,NUMBER_,PILOT_ID,NAME_OF_PILOT,AMOUNT_OF_FUEL,AIRPLANE_TYPE,WEIGHT_OF_LUGGAGE,PASSENGER_ID,DESTINATION_TOWER_ID,HOME_ATC_WORKER_ID,HANGAR_ID,DESTINATION) values ('113','65','1402','Orville Wright','4550','320','650','8888258','973','652003','113','Rockwell');
Insert into AIRPLANE (AIRPLANE_ID,NUMBER_,PILOT_ID,NAME_OF_PILOT,AMOUNT_OF_FUEL,AIRPLANE_TYPE,WEIGHT_OF_LUGGAGE,PASSENGER_ID,DESTINATION_TOWER_ID,HOME_ATC_WORKER_ID,HANGAR_ID,DESTINATION) values ('114','66','1403','Wilbur Wright','5000','750','520','8888259','974','652004','114','Area 51');
Insert into AIRPLANE (AIRPLANE_ID,NUMBER_,PILOT_ID,NAME_OF_PILOT,AMOUNT_OF_FUEL,AIRPLANE_TYPE,WEIGHT_OF_LUGGAGE,PASSENGER_ID,DESTINATION_TOWER_ID,HOME_ATC_WORKER_ID,HANGAR_ID,DESTINATION) values ('115','64','1404','John Smith','6600','777','1300','8888260','975','652005','115','Washington');
Insert into AIRPLANE (AIRPLANE_ID,NUMBER_,PILOT_ID,NAME_OF_PILOT,AMOUNT_OF_FUEL,AIRPLANE_TYPE,WEIGHT_OF_LUGGAGE,PASSENGER_ID,DESTINATION_TOWER_ID,HOME_ATC_WORKER_ID,HANGAR_ID,DESTINATION) values ('116','2','1405','Ryan Fletcher','250','Sesna','80','8888261','976','652006','116','Copenhagen');
Insert into AIRPLANE (AIRPLANE_ID,NUMBER_,PILOT_ID,NAME_OF_PILOT,AMOUNT_OF_FUEL,AIRPLANE_TYPE,WEIGHT_OF_LUGGAGE,PASSENGER_ID,DESTINATION_TOWER_ID,HOME_ATC_WORKER_ID,HANGAR_ID,DESTINATION) values ('117','3','1406','Hayden Chamb','17000','747','1200','8888262','977','652007','117','Arkhangelsk');
Insert into AIRPLANE (AIRPLANE_ID,NUMBER_,PILOT_ID,NAME_OF_PILOT,AMOUNT_OF_FUEL,AIRPLANE_TYPE,WEIGHT_OF_LUGGAGE,PASSENGER_ID,DESTINATION_TOWER_ID,HOME_ATC_WORKER_ID,HANGAR_ID,DESTINATION) values ('118','4','1407','Anthony Mason','16500','747','1250','8888263','978','652008','118','Mashhad');
Insert into AIRPLANE (AIRPLANE_ID,NUMBER_,PILOT_ID,NAME_OF_PILOT,AMOUNT_OF_FUEL,AIRPLANE_TYPE,WEIGHT_OF_LUGGAGE,PASSENGER_ID,DESTINATION_TOWER_ID,HOME_ATC_WORKER_ID,HANGAR_ID,DESTINATION) values ('119','8','1408','River Terrell','9800','A-50','400','8888264','979','652009','119','Nur-Sultan');
Insert into AIRPLANE (AIRPLANE_ID,NUMBER_,PILOT_ID,NAME_OF_PILOT,AMOUNT_OF_FUEL,AIRPLANE_TYPE,WEIGHT_OF_LUGGAGE,PASSENGER_ID,DESTINATION_TOWER_ID,HOME_ATC_WORKER_ID,HANGAR_ID,DESTINATION) values ('120','65','1409','Jack Dorsey','5000','320','680','8888265','980','652010','120','Bratsk');
Insert into AIRPLANE (AIRPLANE_ID,NUMBER_,PILOT_ID,NAME_OF_PILOT,AMOUNT_OF_FUEL,AIRPLANE_TYPE,WEIGHT_OF_LUGGAGE,PASSENGER_ID,DESTINATION_TOWER_ID,HOME_ATC_WORKER_ID,HANGAR_ID,DESTINATION) values ('121','24','1410','Hadley McMillan','4000','TU-147','350','8888266','981','652011','121','Okinawa');
Insert into AIRPLANE (AIRPLANE_ID,NUMBER_,PILOT_ID,NAME_OF_PILOT,AMOUNT_OF_FUEL,AIRPLANE_TYPE,WEIGHT_OF_LUGGAGE,PASSENGER_ID,DESTINATION_TOWER_ID,HOME_ATC_WORKER_ID,HANGAR_ID,DESTINATION) values ('122','55','1411','Sherlyn Ball','300','Sesna','5','8888267','982','652012','122','Cape Town');
Insert into AIRPLANE (AIRPLANE_ID,NUMBER_,PILOT_ID,NAME_OF_PILOT,AMOUNT_OF_FUEL,AIRPLANE_TYPE,WEIGHT_OF_LUGGAGE,PASSENGER_ID,DESTINATION_TOWER_ID,HOME_ATC_WORKER_ID,HANGAR_ID,DESTINATION) values ('123','22','1412','Brice Griffits','20000','Concorde','1000','8888268','983','652013','123','Cleveland');
Insert into AIRPLANE (AIRPLANE_ID,NUMBER_,PILOT_ID,NAME_OF_PILOT,AMOUNT_OF_FUEL,AIRPLANE_TYPE,WEIGHT_OF_LUGGAGE,PASSENGER_ID,DESTINATION_TOWER_ID,HOME_ATC_WORKER_ID,HANGAR_ID,DESTINATION) values ('124','23','1413','Jamie Dalton','6800','747','1320','8888269','984','652014','124','Puerto Leguizarmo');
Insert into AIRPLANE (AIRPLANE_ID,NUMBER_,PILOT_ID,NAME_OF_PILOT,AMOUNT_OF_FUEL,AIRPLANE_TYPE,WEIGHT_OF_LUGGAGE,PASSENGER_ID,DESTINATION_TOWER_ID,HOME_ATC_WORKER_ID,HANGAR_ID,DESTINATION) values ('125','24','1414','Malik Kemp','15000','777','1800','8888270','985','652015','125','Rio Gallegos');
Insert into AIRPLANE (AIRPLANE_ID,NUMBER_,PILOT_ID,NAME_OF_PILOT,AMOUNT_OF_FUEL,AIRPLANE_TYPE,WEIGHT_OF_LUGGAGE,PASSENGER_ID,DESTINATION_TOWER_ID,HOME_ATC_WORKER_ID,HANGAR_ID,DESTINATION) values ('126','25','1415','Scott Knight','16500','747','1500','8888271','986','652016','126','Reykjavik');
Insert into AIRPLANE (AIRPLANE_ID,NUMBER_,PILOT_ID,NAME_OF_PILOT,AMOUNT_OF_FUEL,AIRPLANE_TYPE,WEIGHT_OF_LUGGAGE,PASSENGER_ID,DESTINATION_TOWER_ID,HOME_ATC_WORKER_ID,HANGAR_ID,DESTINATION) values ('127','26','1416','Nolan Kinney','18200','747','1200','8888272','987','652017','127','Grande Praire');
Insert into AIRPLANE (AIRPLANE_ID,NUMBER_,PILOT_ID,NAME_OF_PILOT,AMOUNT_OF_FUEL,AIRPLANE_TYPE,WEIGHT_OF_LUGGAGE,PASSENGER_ID,DESTINATION_TOWER_ID,HOME_ATC_WORKER_ID,HANGAR_ID,DESTINATION) values ('128','27','1417','Peter Melton','4550','320','650','8888273','988','652018','128','Mexico City');
Insert into AIRPLANE (AIRPLANE_ID,NUMBER_,PILOT_ID,NAME_OF_PILOT,AMOUNT_OF_FUEL,AIRPLANE_TYPE,WEIGHT_OF_LUGGAGE,PASSENGER_ID,DESTINATION_TOWER_ID,HOME_ATC_WORKER_ID,HANGAR_ID,DESTINATION) values ('129','32','1418','Logan Price','5000','750','520','8888274','989','652019','129','Salt Lake City');
Insert into AIRPLANE (AIRPLANE_ID,NUMBER_,PILOT_ID,NAME_OF_PILOT,AMOUNT_OF_FUEL,AIRPLANE_TYPE,WEIGHT_OF_LUGGAGE,PASSENGER_ID,DESTINATION_TOWER_ID,HOME_ATC_WORKER_ID,HANGAR_ID,DESTINATION) values ('130','29','1419','Lilly Willis','6600','777','1300','8888275','990','652020','130','St. Louis');
REM INSERTING into DRIVER
SET DEFINE OFF;
Insert into DRIVER (DRIVER_ID,SALARY,NAME_OF_DRIVER,DRIVERS_LICENCE,TIME_OF_SCHIFT,VEHICLE_ID) values ('3333','1200','John Snow','valid','6:00 - 13:00','4545001');
Insert into DRIVER (DRIVER_ID,SALARY,NAME_OF_DRIVER,DRIVERS_LICENCE,TIME_OF_SCHIFT,VEHICLE_ID) values ('3334','1150','Ivan Terrible','valid','6:00 - 13:00','4545002');
Insert into DRIVER (DRIVER_ID,SALARY,NAME_OF_DRIVER,DRIVERS_LICENCE,TIME_OF_SCHIFT,VEHICLE_ID) values ('3335','1200','Eugene Pasch','valid','6:00 - 13:00','4545003');
Insert into DRIVER (DRIVER_ID,SALARY,NAME_OF_DRIVER,DRIVERS_LICENCE,TIME_OF_SCHIFT,VEHICLE_ID) values ('3336','1200','Jim Bosch','valid','13:00 - 20:00','4545004');
Insert into DRIVER (DRIVER_ID,SALARY,NAME_OF_DRIVER,DRIVERS_LICENCE,TIME_OF_SCHIFT,VEHICLE_ID) values ('3337','1200','Kira Lennington','valid','13:00 -20:00','4545005');
Insert into DRIVER (DRIVER_ID,SALARY,NAME_OF_DRIVER,DRIVERS_LICENCE,TIME_OF_SCHIFT,VEHICLE_ID) values ('3338','1200','Nicki Lauda','valid','6:00 - 13:00','4545006');
Insert into DRIVER (DRIVER_ID,SALARY,NAME_OF_DRIVER,DRIVERS_LICENCE,TIME_OF_SCHIFT,VEHICLE_ID) values ('3339','1150','Peter January','innvalid','6:00 - 13:00','4545007');
Insert into DRIVER (DRIVER_ID,SALARY,NAME_OF_DRIVER,DRIVERS_LICENCE,TIME_OF_SCHIFT,VEHICLE_ID) values ('3340','1200','Jane February','valid','6:00 - 13:00','4545008');
Insert into DRIVER (DRIVER_ID,SALARY,NAME_OF_DRIVER,DRIVERS_LICENCE,TIME_OF_SCHIFT,VEHICLE_ID) values ('3341','1200','Geoffrey March','valid','13:00 - 20:00','4545009');
Insert into DRIVER (DRIVER_ID,SALARY,NAME_OF_DRIVER,DRIVERS_LICENCE,TIME_OF_SCHIFT,VEHICLE_ID) values ('3342','1200','April April','valid','13:00 -20:00','4545010');
Insert into DRIVER (DRIVER_ID,SALARY,NAME_OF_DRIVER,DRIVERS_LICENCE,TIME_OF_SCHIFT,VEHICLE_ID) values ('3343','1200','Horg May','valid','6:00 - 13:00','4545011');
Insert into DRIVER (DRIVER_ID,SALARY,NAME_OF_DRIVER,DRIVERS_LICENCE,TIME_OF_SCHIFT,VEHICLE_ID) values ('3344','1150','Briannese May','awaiting validation','6:00 - 13:00','4545012');
Insert into DRIVER (DRIVER_ID,SALARY,NAME_OF_DRIVER,DRIVERS_LICENCE,TIME_OF_SCHIFT,VEHICLE_ID) values ('3345','1200','June June','valid','6:00 - 13:00','4545013');
Insert into DRIVER (DRIVER_ID,SALARY,NAME_OF_DRIVER,DRIVERS_LICENCE,TIME_OF_SCHIFT,VEHICLE_ID) values ('3346','1200','August July','valid','13:00 - 20:00','4545014');
Insert into DRIVER (DRIVER_ID,SALARY,NAME_OF_DRIVER,DRIVERS_LICENCE,TIME_OF_SCHIFT,VEHICLE_ID) values ('3347','1200','August August','valid','13:00 -20:00','4545015');
Insert into DRIVER (DRIVER_ID,SALARY,NAME_OF_DRIVER,DRIVERS_LICENCE,TIME_OF_SCHIFT,VEHICLE_ID) values ('3348','1200','Barney August','valid','6:00 - 13:00','4545016');
Insert into DRIVER (DRIVER_ID,SALARY,NAME_OF_DRIVER,DRIVERS_LICENCE,TIME_OF_SCHIFT,VEHICLE_ID) values ('3349','1150','Jamie September','valid','6:00 - 13:00','4545017');
Insert into DRIVER (DRIVER_ID,SALARY,NAME_OF_DRIVER,DRIVERS_LICENCE,TIME_OF_SCHIFT,VEHICLE_ID) values ('3350','1200','Carl October','valid','6:00 - 13:00','4545018');
Insert into DRIVER (DRIVER_ID,SALARY,NAME_OF_DRIVER,DRIVERS_LICENCE,TIME_OF_SCHIFT,VEHICLE_ID) values ('3351','1200','Sadaim November','valid','13:00 - 20:00','4545019');
Insert into DRIVER (DRIVER_ID,SALARY,NAME_OF_DRIVER,DRIVERS_LICENCE,TIME_OF_SCHIFT,VEHICLE_ID) values ('3352','1200','Santa December','valid','13:00 -20:00','4545020');
REM INSERTING into HANGAR
SET DEFINE OFF;
Insert into HANGAR (HANGAR_ID,POSITION_IN_AIRPORT_COMPLEX,MECHANIC_ID,DRIVER_ID,PILOT_ID,NUMBER_,VEHICLE_ID,AIRPLANE_ID) values ('111','SW','6500','3333','1400','1','4545001','111');
Insert into HANGAR (HANGAR_ID,POSITION_IN_AIRPORT_COMPLEX,MECHANIC_ID,DRIVER_ID,PILOT_ID,NUMBER_,VEHICLE_ID,AIRPLANE_ID) values ('112','SW','6501','3334','1401','2','4545002','112');
Insert into HANGAR (HANGAR_ID,POSITION_IN_AIRPORT_COMPLEX,MECHANIC_ID,DRIVER_ID,PILOT_ID,NUMBER_,VEHICLE_ID,AIRPLANE_ID) values ('113','SW','6502','3335','1402','3','4545003','113');
Insert into HANGAR (HANGAR_ID,POSITION_IN_AIRPORT_COMPLEX,MECHANIC_ID,DRIVER_ID,PILOT_ID,NUMBER_,VEHICLE_ID,AIRPLANE_ID) values ('114','NE','6503','3336','1403','4','4545004','114');
Insert into HANGAR (HANGAR_ID,POSITION_IN_AIRPORT_COMPLEX,MECHANIC_ID,DRIVER_ID,PILOT_ID,NUMBER_,VEHICLE_ID,AIRPLANE_ID) values ('115','NW','6504','3337','1404','5','4545005','115');
Insert into HANGAR (HANGAR_ID,POSITION_IN_AIRPORT_COMPLEX,MECHANIC_ID,DRIVER_ID,PILOT_ID,NUMBER_,VEHICLE_ID,AIRPLANE_ID) values ('116','NW','6505','3338','1405','6','4545006','116');
Insert into HANGAR (HANGAR_ID,POSITION_IN_AIRPORT_COMPLEX,MECHANIC_ID,DRIVER_ID,PILOT_ID,NUMBER_,VEHICLE_ID,AIRPLANE_ID) values ('117','NW','6506','3339','1406','7','4545007','117');
Insert into HANGAR (HANGAR_ID,POSITION_IN_AIRPORT_COMPLEX,MECHANIC_ID,DRIVER_ID,PILOT_ID,NUMBER_,VEHICLE_ID,AIRPLANE_ID) values ('118','NW','6507','3340','1407','8','4545008','118');
Insert into HANGAR (HANGAR_ID,POSITION_IN_AIRPORT_COMPLEX,MECHANIC_ID,DRIVER_ID,PILOT_ID,NUMBER_,VEHICLE_ID,AIRPLANE_ID) values ('119','SW','6508','3341','1408','9','4545009','119');
Insert into HANGAR (HANGAR_ID,POSITION_IN_AIRPORT_COMPLEX,MECHANIC_ID,DRIVER_ID,PILOT_ID,NUMBER_,VEHICLE_ID,AIRPLANE_ID) values ('120','SW','6509','3342','1409','10','4545010','120');
Insert into HANGAR (HANGAR_ID,POSITION_IN_AIRPORT_COMPLEX,MECHANIC_ID,DRIVER_ID,PILOT_ID,NUMBER_,VEHICLE_ID,AIRPLANE_ID) values ('121','SW','6510','3343','1410','11','4545011','121');
Insert into HANGAR (HANGAR_ID,POSITION_IN_AIRPORT_COMPLEX,MECHANIC_ID,DRIVER_ID,PILOT_ID,NUMBER_,VEHICLE_ID,AIRPLANE_ID) values ('122','NE','6511','3344','1411','12','4545012','122');
Insert into HANGAR (HANGAR_ID,POSITION_IN_AIRPORT_COMPLEX,MECHANIC_ID,DRIVER_ID,PILOT_ID,NUMBER_,VEHICLE_ID,AIRPLANE_ID) values ('123','NE','6512','3345','1412','13','4545013','123');
Insert into HANGAR (HANGAR_ID,POSITION_IN_AIRPORT_COMPLEX,MECHANIC_ID,DRIVER_ID,PILOT_ID,NUMBER_,VEHICLE_ID,AIRPLANE_ID) values ('124','SE','6513','3346','1413','14','4545014','124');
Insert into HANGAR (HANGAR_ID,POSITION_IN_AIRPORT_COMPLEX,MECHANIC_ID,DRIVER_ID,PILOT_ID,NUMBER_,VEHICLE_ID,AIRPLANE_ID) values ('125','SE','6514','3347','1414','15','4545015','125');
Insert into HANGAR (HANGAR_ID,POSITION_IN_AIRPORT_COMPLEX,MECHANIC_ID,DRIVER_ID,PILOT_ID,NUMBER_,VEHICLE_ID,AIRPLANE_ID) values ('126','SE','6515','3348','1415','16','4545016','126');
Insert into HANGAR (HANGAR_ID,POSITION_IN_AIRPORT_COMPLEX,MECHANIC_ID,DRIVER_ID,PILOT_ID,NUMBER_,VEHICLE_ID,AIRPLANE_ID) values ('127','SE','6516','3349','1416','17','4545017','127');
Insert into HANGAR (HANGAR_ID,POSITION_IN_AIRPORT_COMPLEX,MECHANIC_ID,DRIVER_ID,PILOT_ID,NUMBER_,VEHICLE_ID,AIRPLANE_ID) values ('128','SE','6517','3350','1417','18','4545018','128');
Insert into HANGAR (HANGAR_ID,POSITION_IN_AIRPORT_COMPLEX,MECHANIC_ID,DRIVER_ID,PILOT_ID,NUMBER_,VEHICLE_ID,AIRPLANE_ID) values ('129','SE','6518','3351','1418','19','4545019','129');
Insert into HANGAR (HANGAR_ID,POSITION_IN_AIRPORT_COMPLEX,MECHANIC_ID,DRIVER_ID,PILOT_ID,NUMBER_,VEHICLE_ID,AIRPLANE_ID) values ('130','NE','6519','3352','1419','20','4545020','130');
REM INSERTING into CHECK_IN_WORKER
SET DEFINE OFF;
Insert into CHECK_IN_WORKER (WORKER_ID,SALARY,NAME_OF_WORKER,CHECK_IN_STATION,PASSENGER_ID,TIME_OF_SCHIFT) values ('121105','1200','Ria McCarthy','1','8888256','6:00 - 13:00');
Insert into CHECK_IN_WORKER (WORKER_ID,SALARY,NAME_OF_WORKER,CHECK_IN_STATION,PASSENGER_ID,TIME_OF_SCHIFT) values ('121106','1250','Irene Robbins','2','8888257','13:00 - 20:00');
Insert into CHECK_IN_WORKER (WORKER_ID,SALARY,NAME_OF_WORKER,CHECK_IN_STATION,PASSENGER_ID,TIME_OF_SCHIFT) values ('121107','1300','Hazel Silva','3','8888258','20:00 - 3:00');
Insert into CHECK_IN_WORKER (WORKER_ID,SALARY,NAME_OF_WORKER,CHECK_IN_STATION,PASSENGER_ID,TIME_OF_SCHIFT) values ('121108','1200','Franklin Thompson','4','8888259','6:00 - 13:00');
Insert into CHECK_IN_WORKER (WORKER_ID,SALARY,NAME_OF_WORKER,CHECK_IN_STATION,PASSENGER_ID,TIME_OF_SCHIFT) values ('121109','1200','Roman Simpson','5','8888260','3:00 - 10:00');
Insert into CHECK_IN_WORKER (WORKER_ID,SALARY,NAME_OF_WORKER,CHECK_IN_STATION,PASSENGER_ID,TIME_OF_SCHIFT) values ('121110','1200','Brie Larsen','6','8888261','6:00 - 13:00');
Insert into CHECK_IN_WORKER (WORKER_ID,SALARY,NAME_OF_WORKER,CHECK_IN_STATION,PASSENGER_ID,TIME_OF_SCHIFT) values ('121111','1250','Anita Huges','7','8888262','13:00 - 20:00');
Insert into CHECK_IN_WORKER (WORKER_ID,SALARY,NAME_OF_WORKER,CHECK_IN_STATION,PASSENGER_ID,TIME_OF_SCHIFT) values ('121112','1300','Hugh Mungous','8','8888263','20:00 - 3:00');
Insert into CHECK_IN_WORKER (WORKER_ID,SALARY,NAME_OF_WORKER,CHECK_IN_STATION,PASSENGER_ID,TIME_OF_SCHIFT) values ('121113','1200','Joana Fenter','9','8888264','6:00 - 13:00');
Insert into CHECK_IN_WORKER (WORKER_ID,SALARY,NAME_OF_WORKER,CHECK_IN_STATION,PASSENGER_ID,TIME_OF_SCHIFT) values ('121114','1200','John Fender','10','8888265','3:00 - 10:00');
Insert into CHECK_IN_WORKER (WORKER_ID,SALARY,NAME_OF_WORKER,CHECK_IN_STATION,PASSENGER_ID,TIME_OF_SCHIFT) values ('121115','1200','Peter Gibson','11','8888266','6:00 - 13:00');
Insert into CHECK_IN_WORKER (WORKER_ID,SALARY,NAME_OF_WORKER,CHECK_IN_STATION,PASSENGER_ID,TIME_OF_SCHIFT) values ('121116','1250','Alman Riggs','12','8888267','13:00 - 20:00');
Insert into CHECK_IN_WORKER (WORKER_ID,SALARY,NAME_OF_WORKER,CHECK_IN_STATION,PASSENGER_ID,TIME_OF_SCHIFT) values ('121117','1300','Roman Hugges','13','8888268','20:00 - 3:00');
Insert into CHECK_IN_WORKER (WORKER_ID,SALARY,NAME_OF_WORKER,CHECK_IN_STATION,PASSENGER_ID,TIME_OF_SCHIFT) values ('121118','1200','Margarita Brenson','14','8888269','6:00 - 13:00');
Insert into CHECK_IN_WORKER (WORKER_ID,SALARY,NAME_OF_WORKER,CHECK_IN_STATION,PASSENGER_ID,TIME_OF_SCHIFT) values ('121119','1200','Bart Yenter','15','8888270','3:00 - 10:00');
Insert into CHECK_IN_WORKER (WORKER_ID,SALARY,NAME_OF_WORKER,CHECK_IN_STATION,PASSENGER_ID,TIME_OF_SCHIFT) values ('121120','1200','Yeetus Deletus','16','8888271','6:00 - 13:00');
Insert into CHECK_IN_WORKER (WORKER_ID,SALARY,NAME_OF_WORKER,CHECK_IN_STATION,PASSENGER_ID,TIME_OF_SCHIFT) values ('121121','1250','Gabriel Janter','17','8888272','13:00 - 20:00');
Insert into CHECK_IN_WORKER (WORKER_ID,SALARY,NAME_OF_WORKER,CHECK_IN_STATION,PASSENGER_ID,TIME_OF_SCHIFT) values ('121122','1300','Henry Hinn','18','8888273','20:00 - 3:00');
Insert into CHECK_IN_WORKER (WORKER_ID,SALARY,NAME_OF_WORKER,CHECK_IN_STATION,PASSENGER_ID,TIME_OF_SCHIFT) values ('121123','1200','Nenny Hinn','19','8888274','6:00 - 13:00');
Insert into CHECK_IN_WORKER (WORKER_ID,SALARY,NAME_OF_WORKER,CHECK_IN_STATION,PASSENGER_ID,TIME_OF_SCHIFT) values ('121124','1200','Neil ArmNotStrong','20','8888275','3:00 - 10:00');
REM INSERTING into LAND_VEHICLE
SET DEFINE OFF;
Insert into LAND_VEHICLE (VEHICLE_ID,NUMBER_,DRIVER_ID,NAME_OF_DRIVER,AMOUNT_OF_FUEL,VEHICLE_TYPE,HANGAR_ID) values ('4545001','7870','3333','Arnold Schwarzinator','300','coach','111');
Insert into LAND_VEHICLE (VEHICLE_ID,NUMBER_,DRIVER_ID,NAME_OF_DRIVER,AMOUNT_OF_FUEL,VEHICLE_TYPE,HANGAR_ID) values ('4545002','7871','3334','Sarah Connor','350','coach','112');
Insert into LAND_VEHICLE (VEHICLE_ID,NUMBER_,DRIVER_ID,NAME_OF_DRIVER,AMOUNT_OF_FUEL,VEHICLE_TYPE,HANGAR_ID) values ('4545003','7872','3335','Dwayne Johnson','50','staircase','113');
Insert into LAND_VEHICLE (VEHICLE_ID,NUMBER_,DRIVER_ID,NAME_OF_DRIVER,AMOUNT_OF_FUEL,VEHICLE_TYPE,HANGAR_ID) values ('4545004','7873','3336','Andy Jones','28','taxi','114');
Insert into LAND_VEHICLE (VEHICLE_ID,NUMBER_,DRIVER_ID,NAME_OF_DRIVER,AMOUNT_OF_FUEL,VEHICLE_TYPE,HANGAR_ID) values ('4545005','7874','3337','Woodrow Wilson','74','airplane taxi','115');
Insert into LAND_VEHICLE (VEHICLE_ID,NUMBER_,DRIVER_ID,NAME_OF_DRIVER,AMOUNT_OF_FUEL,VEHICLE_TYPE,HANGAR_ID) values ('4545006','7875','3338','Karen Rose','300','coach','116');
Insert into LAND_VEHICLE (VEHICLE_ID,NUMBER_,DRIVER_ID,NAME_OF_DRIVER,AMOUNT_OF_FUEL,VEHICLE_TYPE,HANGAR_ID) values ('4545007','7876','3339','Adrian Riddle','350','coach','117');
Insert into LAND_VEHICLE (VEHICLE_ID,NUMBER_,DRIVER_ID,NAME_OF_DRIVER,AMOUNT_OF_FUEL,VEHICLE_TYPE,HANGAR_ID) values ('4545008','7877','3340','Kristen Raine','50','staircase','118');
Insert into LAND_VEHICLE (VEHICLE_ID,NUMBER_,DRIVER_ID,NAME_OF_DRIVER,AMOUNT_OF_FUEL,VEHICLE_TYPE,HANGAR_ID) values ('4545009','7878','3341','Fallon Royale','28','taxi','119');
Insert into LAND_VEHICLE (VEHICLE_ID,NUMBER_,DRIVER_ID,NAME_OF_DRIVER,AMOUNT_OF_FUEL,VEHICLE_TYPE,HANGAR_ID) values ('4545010','7879','3342','Ren Randle','74','airplane taxi','120');
Insert into LAND_VEHICLE (VEHICLE_ID,NUMBER_,DRIVER_ID,NAME_OF_DRIVER,AMOUNT_OF_FUEL,VEHICLE_TYPE,HANGAR_ID) values ('4545011','7880','3343','Blodwyn Grouse','300','coach','121');
Insert into LAND_VEHICLE (VEHICLE_ID,NUMBER_,DRIVER_ID,NAME_OF_DRIVER,AMOUNT_OF_FUEL,VEHICLE_TYPE,HANGAR_ID) values ('4545012','7881','3344','Quinn Salvatore','350','coach','122');
Insert into LAND_VEHICLE (VEHICLE_ID,NUMBER_,DRIVER_ID,NAME_OF_DRIVER,AMOUNT_OF_FUEL,VEHICLE_TYPE,HANGAR_ID) values ('4545013','7882','3345','Robin Dunne','50','staircase','123');
Insert into LAND_VEHICLE (VEHICLE_ID,NUMBER_,DRIVER_ID,NAME_OF_DRIVER,AMOUNT_OF_FUEL,VEHICLE_TYPE,HANGAR_ID) values ('4545014','7883','3346','Hayden Rennor','28','taxi','124');
Insert into LAND_VEHICLE (VEHICLE_ID,NUMBER_,DRIVER_ID,NAME_OF_DRIVER,AMOUNT_OF_FUEL,VEHICLE_TYPE,HANGAR_ID) values ('4545015','7884','3347','Ciaran Paalpatine','74','airplane taxi','125');
Insert into LAND_VEHICLE (VEHICLE_ID,NUMBER_,DRIVER_ID,NAME_OF_DRIVER,AMOUNT_OF_FUEL,VEHICLE_TYPE,HANGAR_ID) values ('4545016','7885','3348','Brontner Palpatine','300','coach','126');
Insert into LAND_VEHICLE (VEHICLE_ID,NUMBER_,DRIVER_ID,NAME_OF_DRIVER,AMOUNT_OF_FUEL,VEHICLE_TYPE,HANGAR_ID) values ('4545017','7886','3349','Hayden Christensen','350','coach','127');
Insert into LAND_VEHICLE (VEHICLE_ID,NUMBER_,DRIVER_ID,NAME_OF_DRIVER,AMOUNT_OF_FUEL,VEHICLE_TYPE,HANGAR_ID) values ('4545018','7887','3350','Hayden Hendersson','50','staircase','128');
Insert into LAND_VEHICLE (VEHICLE_ID,NUMBER_,DRIVER_ID,NAME_OF_DRIVER,AMOUNT_OF_FUEL,VEHICLE_TYPE,HANGAR_ID) values ('4545019','7888','3351','Dillon Skyle','28','taxi','129');
Insert into LAND_VEHICLE (VEHICLE_ID,NUMBER_,DRIVER_ID,NAME_OF_DRIVER,AMOUNT_OF_FUEL,VEHICLE_TYPE,HANGAR_ID) values ('4545020','7889','3352','Zain McCabre','220','baggage vehicle','130');
REM INSERTING into LUGGAGE
SET DEFINE OFF;
Insert into LUGGAGE (LUGGAGE_ID,NAME_OF_OWNER) values ('72650','Elton John');
Insert into LUGGAGE (LUGGAGE_ID,NAME_OF_OWNER) values ('72651','Eric Clapton');
Insert into LUGGAGE (LUGGAGE_ID,NAME_OF_OWNER) values ('72652','Elon Musk');
Insert into LUGGAGE (LUGGAGE_ID,NAME_OF_OWNER) values ('72653','John D Rockefeller');
Insert into LUGGAGE (LUGGAGE_ID,NAME_OF_OWNER) values ('72654','Alex Jones');
Insert into LUGGAGE (LUGGAGE_ID,NAME_OF_OWNER) values ('72655','Bobby Mc Brown');
Insert into LUGGAGE (LUGGAGE_ID,NAME_OF_OWNER) values ('72656','Bob Marley');
Insert into LUGGAGE (LUGGAGE_ID,NAME_OF_OWNER) values ('72657','Feri z Raslavic');
Insert into LUGGAGE (LUGGAGE_ID,NAME_OF_OWNER) values ('72658','Peter Dinklage');
Insert into LUGGAGE (LUGGAGE_ID,NAME_OF_OWNER) values ('72659','Thor Bjornsson');
Insert into LUGGAGE (LUGGAGE_ID,NAME_OF_OWNER) values ('72660','Gordon Freeman');
Insert into LUGGAGE (LUGGAGE_ID,NAME_OF_OWNER) values ('72661','John Romero');
Insert into LUGGAGE (LUGGAGE_ID,NAME_OF_OWNER) values ('72662','John Carmack');
Insert into LUGGAGE (LUGGAGE_ID,NAME_OF_OWNER) values ('72663','Joana Ark');
Insert into LUGGAGE (LUGGAGE_ID,NAME_OF_OWNER) values ('72664','Adele Albright');
Insert into LUGGAGE (LUGGAGE_ID,NAME_OF_OWNER) values ('72665','Francis Thorns');
Insert into LUGGAGE (LUGGAGE_ID,NAME_OF_OWNER) values ('72666','April Banter');
Insert into LUGGAGE (LUGGAGE_ID,NAME_OF_OWNER) values ('72667','Coach Left');
Insert into LUGGAGE (LUGGAGE_ID,NAME_OF_OWNER) values ('72668','Elizavetta Brighton');
Insert into LUGGAGE (LUGGAGE_ID,NAME_OF_OWNER) values ('72669','Harisson Carter');
REM INSERTING into MECHANIC
SET DEFINE OFF;
Insert into MECHANIC (MECHANIC_ID,SALARY,NAME_OF_MECHANIC,VEHICLE_ID,TIME_OF_SCHIFT,AIRPLANE_ID) values ('6500','1600','Henny Lou','4545001','9:00 - 16:00','111');
Insert into MECHANIC (MECHANIC_ID,SALARY,NAME_OF_MECHANIC,VEHICLE_ID,TIME_OF_SCHIFT,AIRPLANE_ID) values ('6501','2500','William Joseph Blazkowicz','4545002','9:00 - 16:00','112');
Insert into MECHANIC (MECHANIC_ID,SALARY,NAME_OF_MECHANIC,VEHICLE_ID,TIME_OF_SCHIFT,AIRPLANE_ID) values ('6502','1750','Peter Jacksoner','4545003','11:00 - 18:00','113');
Insert into MECHANIC (MECHANIC_ID,SALARY,NAME_OF_MECHANIC,VEHICLE_ID,TIME_OF_SCHIFT,AIRPLANE_ID) values ('6503','1800','John Romeror','4545004','11:00 - 18:00','114');
Insert into MECHANIC (MECHANIC_ID,SALARY,NAME_OF_MECHANIC,VEHICLE_ID,TIME_OF_SCHIFT,AIRPLANE_ID) values ('6504','2000','Doom Guy','4545005','18:00 -1:00','115');
Insert into MECHANIC (MECHANIC_ID,SALARY,NAME_OF_MECHANIC,VEHICLE_ID,TIME_OF_SCHIFT,AIRPLANE_ID) values ('6505','1600','Cletus Simpson','4545006','9:00 - 16:00','116');
Insert into MECHANIC (MECHANIC_ID,SALARY,NAME_OF_MECHANIC,VEHICLE_ID,TIME_OF_SCHIFT,AIRPLANE_ID) values ('6506','2500','Homer Simpson','4545007','9:00 - 16:00','117');
Insert into MECHANIC (MECHANIC_ID,SALARY,NAME_OF_MECHANIC,VEHICLE_ID,TIME_OF_SCHIFT,AIRPLANE_ID) values ('6507','1750','Marge Simpson','4545008','11:00 - 18:00','118');
Insert into MECHANIC (MECHANIC_ID,SALARY,NAME_OF_MECHANIC,VEHICLE_ID,TIME_OF_SCHIFT,AIRPLANE_ID) values ('6508','1800','Bart Simpson','4545009','11:00 - 18:00','119');
Insert into MECHANIC (MECHANIC_ID,SALARY,NAME_OF_MECHANIC,VEHICLE_ID,TIME_OF_SCHIFT,AIRPLANE_ID) values ('6509','2000','Maggie Simpson','4545010','18:00 -1:00','120');
Insert into MECHANIC (MECHANIC_ID,SALARY,NAME_OF_MECHANIC,VEHICLE_ID,TIME_OF_SCHIFT,AIRPLANE_ID) values ('6510','1600','Lisa Simpson','4545011','9:00 - 16:00','121');
Insert into MECHANIC (MECHANIC_ID,SALARY,NAME_OF_MECHANIC,VEHICLE_ID,TIME_OF_SCHIFT,AIRPLANE_ID) values ('6511','2500','Freddy Mercury','4545012','9:00 - 16:00','122');
Insert into MECHANIC (MECHANIC_ID,SALARY,NAME_OF_MECHANIC,VEHICLE_ID,TIME_OF_SCHIFT,AIRPLANE_ID) values ('6512','1750','Curtis Alexas','4545013','11:00 - 18:00','123');
Insert into MECHANIC (MECHANIC_ID,SALARY,NAME_OF_MECHANIC,VEHICLE_ID,TIME_OF_SCHIFT,AIRPLANE_ID) values ('6513','1800','Cliford Horn','4545014','11:00 - 18:00','124');
Insert into MECHANIC (MECHANIC_ID,SALARY,NAME_OF_MECHANIC,VEHICLE_ID,TIME_OF_SCHIFT,AIRPLANE_ID) values ('6514','2000','Clarance Arragon','4545015','18:00 -1:00','125');
Insert into MECHANIC (MECHANIC_ID,SALARY,NAME_OF_MECHANIC,VEHICLE_ID,TIME_OF_SCHIFT,AIRPLANE_ID) values ('6515','1600','Charles Augustini','4545016','9:00 - 16:00','126');
Insert into MECHANIC (MECHANIC_ID,SALARY,NAME_OF_MECHANIC,VEHICLE_ID,TIME_OF_SCHIFT,AIRPLANE_ID) values ('6516','2500','Augustus Caesar','4545017','9:00 - 16:00','127');
Insert into MECHANIC (MECHANIC_ID,SALARY,NAME_OF_MECHANIC,VEHICLE_ID,TIME_OF_SCHIFT,AIRPLANE_ID) values ('6517','1750','Julius Caesar','4545018','11:00 - 18:00','128');
Insert into MECHANIC (MECHANIC_ID,SALARY,NAME_OF_MECHANIC,VEHICLE_ID,TIME_OF_SCHIFT,AIRPLANE_ID) values ('6518','1800','Henry the eight','4545019','11:00 - 18:00','129');
Insert into MECHANIC (MECHANIC_ID,SALARY,NAME_OF_MECHANIC,VEHICLE_ID,TIME_OF_SCHIFT,AIRPLANE_ID) values ('6519','2000','Adella Brenson','4545020','18:00 -1:00','130');
REM INSERTING into PASSENGER
SET DEFINE OFF;
Insert into PASSENGER (PASSENGER_ID,TICKET_ID,SECURITY_CLEARANCE,NAME_OF_PASSENGER,LUGGAGE_ID,TIME_OF_DEPARTURE) values ('8888256','55420','clear','Elton John','72650','16:30');
Insert into PASSENGER (PASSENGER_ID,TICKET_ID,SECURITY_CLEARANCE,NAME_OF_PASSENGER,LUGGAGE_ID,TIME_OF_DEPARTURE) values ('8888257','55421','clear','Eric Clapton','72651','16:30');
Insert into PASSENGER (PASSENGER_ID,TICKET_ID,SECURITY_CLEARANCE,NAME_OF_PASSENGER,LUGGAGE_ID,TIME_OF_DEPARTURE) values ('8888258','55422','awaiting security check','Elon Musk','72652','17:25');
Insert into PASSENGER (PASSENGER_ID,TICKET_ID,SECURITY_CLEARANCE,NAME_OF_PASSENGER,LUGGAGE_ID,TIME_OF_DEPARTURE) values ('8888259','55423','clear','John D Rockefeller','72653','04:00');
Insert into PASSENGER (PASSENGER_ID,TICKET_ID,SECURITY_CLEARANCE,NAME_OF_PASSENGER,LUGGAGE_ID,TIME_OF_DEPARTURE) values ('8888260','55424','clear','Alex Jones','72654','05:30');
Insert into PASSENGER (PASSENGER_ID,TICKET_ID,SECURITY_CLEARANCE,NAME_OF_PASSENGER,LUGGAGE_ID,TIME_OF_DEPARTURE) values ('8888261','55425','clear','Bobby Mc Brown','72655','12:20');
Insert into PASSENGER (PASSENGER_ID,TICKET_ID,SECURITY_CLEARANCE,NAME_OF_PASSENGER,LUGGAGE_ID,TIME_OF_DEPARTURE) values ('8888262','55426','clear','Bob Marley','72656','15:40');
Insert into PASSENGER (PASSENGER_ID,TICKET_ID,SECURITY_CLEARANCE,NAME_OF_PASSENGER,LUGGAGE_ID,TIME_OF_DEPARTURE) values ('8888263','55427','denied','Feri z Raslavic','72657','18:29');
Insert into PASSENGER (PASSENGER_ID,TICKET_ID,SECURITY_CLEARANCE,NAME_OF_PASSENGER,LUGGAGE_ID,TIME_OF_DEPARTURE) values ('8888264','55428','clear','Peter Dinklage','72658','18:29');
Insert into PASSENGER (PASSENGER_ID,TICKET_ID,SECURITY_CLEARANCE,NAME_OF_PASSENGER,LUGGAGE_ID,TIME_OF_DEPARTURE) values ('8888265','55429','awaiting security check','Thor Bjornsson','72659','05:30');
Insert into PASSENGER (PASSENGER_ID,TICKET_ID,SECURITY_CLEARANCE,NAME_OF_PASSENGER,LUGGAGE_ID,TIME_OF_DEPARTURE) values ('8888266','55430','clear','Gordon Freeman','72660','04:00');
Insert into PASSENGER (PASSENGER_ID,TICKET_ID,SECURITY_CLEARANCE,NAME_OF_PASSENGER,LUGGAGE_ID,TIME_OF_DEPARTURE) values ('8888267','55431','clear','John Romero','72661','05:30');
Insert into PASSENGER (PASSENGER_ID,TICKET_ID,SECURITY_CLEARANCE,NAME_OF_PASSENGER,LUGGAGE_ID,TIME_OF_DEPARTURE) values ('8888268','55432','denied','John Carmack','72662','05:30');
Insert into PASSENGER (PASSENGER_ID,TICKET_ID,SECURITY_CLEARANCE,NAME_OF_PASSENGER,LUGGAGE_ID,TIME_OF_DEPARTURE) values ('8888269','55433','clear','Joana Ark','72663','05:30');
Insert into PASSENGER (PASSENGER_ID,TICKET_ID,SECURITY_CLEARANCE,NAME_OF_PASSENGER,LUGGAGE_ID,TIME_OF_DEPARTURE) values ('8888270','55434','clear','Adele Albright','72664','17:25');
Insert into PASSENGER (PASSENGER_ID,TICKET_ID,SECURITY_CLEARANCE,NAME_OF_PASSENGER,LUGGAGE_ID,TIME_OF_DEPARTURE) values ('8888271','55435','awaiting security check','Francis Thorns','72665','12:20');
Insert into PASSENGER (PASSENGER_ID,TICKET_ID,SECURITY_CLEARANCE,NAME_OF_PASSENGER,LUGGAGE_ID,TIME_OF_DEPARTURE) values ('8888272','55436','clear','April Banter','72666','15:40');
Insert into PASSENGER (PASSENGER_ID,TICKET_ID,SECURITY_CLEARANCE,NAME_OF_PASSENGER,LUGGAGE_ID,TIME_OF_DEPARTURE) values ('8888273','55437','clear','Coach Left','72667','00:10');
Insert into PASSENGER (PASSENGER_ID,TICKET_ID,SECURITY_CLEARANCE,NAME_OF_PASSENGER,LUGGAGE_ID,TIME_OF_DEPARTURE) values ('8888274','55438','clear','Elizavetta Brighton','72668','16:30');
Insert into PASSENGER (PASSENGER_ID,TICKET_ID,SECURITY_CLEARANCE,NAME_OF_PASSENGER,LUGGAGE_ID,TIME_OF_DEPARTURE) values ('8888275','55439','awaiting security check','Harisson Carter','72669','23:00');
REM INSERTING into PILOT
SET DEFINE OFF;
Insert into PILOT (PILOT_ID,SALARY,NAME_OF_PILOT,AIRPLANE_ID,TIME_OF_SCHIFT) values ('1400','3500','Bal˙','111','16:30');
Insert into PILOT (PILOT_ID,SALARY,NAME_OF_PILOT,AIRPLANE_ID,TIME_OF_SCHIFT) values ('1401','3500','Amelia Earhart','112','16:30');
Insert into PILOT (PILOT_ID,SALARY,NAME_OF_PILOT,AIRPLANE_ID,TIME_OF_SCHIFT) values ('1402','3500','Orville Wright','113','17:25');
Insert into PILOT (PILOT_ID,SALARY,NAME_OF_PILOT,AIRPLANE_ID,TIME_OF_SCHIFT) values ('1403','3400','Wilbur Wright','114','04:00');
Insert into PILOT (PILOT_ID,SALARY,NAME_OF_PILOT,AIRPLANE_ID,TIME_OF_SCHIFT) values ('1404','3600','John Smith','115','05:30');
Insert into PILOT (PILOT_ID,SALARY,NAME_OF_PILOT,AIRPLANE_ID,TIME_OF_SCHIFT) values ('1405','3500','Ryan Fletcher','116','12:20');
Insert into PILOT (PILOT_ID,SALARY,NAME_OF_PILOT,AIRPLANE_ID,TIME_OF_SCHIFT) values ('1406','3500','Hayden Chamb','117','15:40');
Insert into PILOT (PILOT_ID,SALARY,NAME_OF_PILOT,AIRPLANE_ID,TIME_OF_SCHIFT) values ('1407','3500','Anthony Mason','118','18:29');
Insert into PILOT (PILOT_ID,SALARY,NAME_OF_PILOT,AIRPLANE_ID,TIME_OF_SCHIFT) values ('1408','3400','River Terrell','119','18:29');
Insert into PILOT (PILOT_ID,SALARY,NAME_OF_PILOT,AIRPLANE_ID,TIME_OF_SCHIFT) values ('1409','3600','Jack Dorsey','120','05:30');
Insert into PILOT (PILOT_ID,SALARY,NAME_OF_PILOT,AIRPLANE_ID,TIME_OF_SCHIFT) values ('1410','3500','Hadley McMillan','121','04:00');
Insert into PILOT (PILOT_ID,SALARY,NAME_OF_PILOT,AIRPLANE_ID,TIME_OF_SCHIFT) values ('1411','3500','Sherlyn Ball','122','05:30');
Insert into PILOT (PILOT_ID,SALARY,NAME_OF_PILOT,AIRPLANE_ID,TIME_OF_SCHIFT) values ('1412','3500','Brice Griffits','123','05:30');
Insert into PILOT (PILOT_ID,SALARY,NAME_OF_PILOT,AIRPLANE_ID,TIME_OF_SCHIFT) values ('1413','3400','Jamie Dalton','124','05:30');
Insert into PILOT (PILOT_ID,SALARY,NAME_OF_PILOT,AIRPLANE_ID,TIME_OF_SCHIFT) values ('1414','3600','Malik Kemp','125','17:25');
Insert into PILOT (PILOT_ID,SALARY,NAME_OF_PILOT,AIRPLANE_ID,TIME_OF_SCHIFT) values ('1415','3500','Scott Knight','126','12:20');
Insert into PILOT (PILOT_ID,SALARY,NAME_OF_PILOT,AIRPLANE_ID,TIME_OF_SCHIFT) values ('1416','3500','Nolan Kinney','127','15:40');
Insert into PILOT (PILOT_ID,SALARY,NAME_OF_PILOT,AIRPLANE_ID,TIME_OF_SCHIFT) values ('1417','3500','Peter Melton','128','00:10');
Insert into PILOT (PILOT_ID,SALARY,NAME_OF_PILOT,AIRPLANE_ID,TIME_OF_SCHIFT) values ('1418','3400','Logan Price','129','16:30');
Insert into PILOT (PILOT_ID,SALARY,NAME_OF_PILOT,AIRPLANE_ID,TIME_OF_SCHIFT) values ('1419','3600','Lilly Willis','130','23:00');
REM INSERTING into PLANES_DESTINATION_ATCT
SET DEFINE OFF;
Insert into PLANES_DESTINATION_ATCT (DESTINATION_TOWER_ID,PLANES_INFORMATIONS,HOME_ATC_WORKER_ID) values ('971','destination: Madrid, airplane_type: 747','652001');
Insert into PLANES_DESTINATION_ATCT (DESTINATION_TOWER_ID,PLANES_INFORMATIONS,HOME_ATC_WORKER_ID) values ('972','destination: Maledives, airplane_type: 747','652002');
Insert into PLANES_DESTINATION_ATCT (DESTINATION_TOWER_ID,PLANES_INFORMATIONS,HOME_ATC_WORKER_ID) values ('973','destination: Rockwell, airplane_type: 320','652003');
Insert into PLANES_DESTINATION_ATCT (DESTINATION_TOWER_ID,PLANES_INFORMATIONS,HOME_ATC_WORKER_ID) values ('974','destination: Area 51, airplane_type: 750','652004');
Insert into PLANES_DESTINATION_ATCT (DESTINATION_TOWER_ID,PLANES_INFORMATIONS,HOME_ATC_WORKER_ID) values ('975','destination: Washington, airplane_type: 777','652005');
Insert into PLANES_DESTINATION_ATCT (DESTINATION_TOWER_ID,PLANES_INFORMATIONS,HOME_ATC_WORKER_ID) values ('976','destination: Copenhagen, airplane_type: Sesna','652006');
Insert into PLANES_DESTINATION_ATCT (DESTINATION_TOWER_ID,PLANES_INFORMATIONS,HOME_ATC_WORKER_ID) values ('977','destination: Arkhangelsk, airplane_type: 747','652007');
Insert into PLANES_DESTINATION_ATCT (DESTINATION_TOWER_ID,PLANES_INFORMATIONS,HOME_ATC_WORKER_ID) values ('978','destination: Mashhad, airplane_type: 747','652008');
Insert into PLANES_DESTINATION_ATCT (DESTINATION_TOWER_ID,PLANES_INFORMATIONS,HOME_ATC_WORKER_ID) values ('979','destination: Nur-Sultan, airplane_type: A-50','652009');
Insert into PLANES_DESTINATION_ATCT (DESTINATION_TOWER_ID,PLANES_INFORMATIONS,HOME_ATC_WORKER_ID) values ('980','destination: Bratsk, airplane_type: 320','652010');
Insert into PLANES_DESTINATION_ATCT (DESTINATION_TOWER_ID,PLANES_INFORMATIONS,HOME_ATC_WORKER_ID) values ('981','destination: Okinawa, airplane_type: TU-147','652011');
Insert into PLANES_DESTINATION_ATCT (DESTINATION_TOWER_ID,PLANES_INFORMATIONS,HOME_ATC_WORKER_ID) values ('982','destination: Cape Town, airplane_type: Sesna','652012');
Insert into PLANES_DESTINATION_ATCT (DESTINATION_TOWER_ID,PLANES_INFORMATIONS,HOME_ATC_WORKER_ID) values ('983','destination: Cleveland, airplane_type: Concorde','652013');
Insert into PLANES_DESTINATION_ATCT (DESTINATION_TOWER_ID,PLANES_INFORMATIONS,HOME_ATC_WORKER_ID) values ('984','destination: Puerto Leguizarmo, airplane_type: 747','652014');
Insert into PLANES_DESTINATION_ATCT (DESTINATION_TOWER_ID,PLANES_INFORMATIONS,HOME_ATC_WORKER_ID) values ('985','destination: Rio Gallegos, airplane_type: 777','652015');
Insert into PLANES_DESTINATION_ATCT (DESTINATION_TOWER_ID,PLANES_INFORMATIONS,HOME_ATC_WORKER_ID) values ('986','destination: Reykjavik, airplane_type: 747','652016');
Insert into PLANES_DESTINATION_ATCT (DESTINATION_TOWER_ID,PLANES_INFORMATIONS,HOME_ATC_WORKER_ID) values ('987','destination: Grande Praire, airplane_type: 747','652017');
Insert into PLANES_DESTINATION_ATCT (DESTINATION_TOWER_ID,PLANES_INFORMATIONS,HOME_ATC_WORKER_ID) values ('988','destination: Mexico City, airplane_type: 320','652018');
Insert into PLANES_DESTINATION_ATCT (DESTINATION_TOWER_ID,PLANES_INFORMATIONS,HOME_ATC_WORKER_ID) values ('989','destination: Salt Lake City, airplane_type: 750','652019');
Insert into PLANES_DESTINATION_ATCT (DESTINATION_TOWER_ID,PLANES_INFORMATIONS,HOME_ATC_WORKER_ID) values ('990','destination: St. Louis, airplane_type: 777','652020');
REM INSERTING into SECURITY_WORKER
SET DEFINE OFF;
Insert into SECURITY_WORKER (WORKER_ID,SALARY,NAME_OF_WORKER,SECURITY_STATION,PASSENGER_ID,TIME_OF_SCHIFT) values ('2580','2500','Bruce Wayne','3','8888256','13:00 - 20:00');
Insert into SECURITY_WORKER (WORKER_ID,SALARY,NAME_OF_WORKER,SECURITY_STATION,PASSENGER_ID,TIME_OF_SCHIFT) values ('2581','2500','Spencer Sutton','3','8888257','13:00 - 20:00');
Insert into SECURITY_WORKER (WORKER_ID,SALARY,NAME_OF_WORKER,SECURITY_STATION,PASSENGER_ID,TIME_OF_SCHIFT) values ('2582','2500','Jonathan Holland','3','8888258','13:00 - 20:00');
Insert into SECURITY_WORKER (WORKER_ID,SALARY,NAME_OF_WORKER,SECURITY_STATION,PASSENGER_ID,TIME_OF_SCHIFT) values ('2583','2500','Joe Hutton','1','8888259','3:00-6:00');
Insert into SECURITY_WORKER (WORKER_ID,SALARY,NAME_OF_WORKER,SECURITY_STATION,PASSENGER_ID,TIME_OF_SCHIFT) values ('2584','2500','John Williams','1','8888260','3:00-6:00');
Insert into SECURITY_WORKER (WORKER_ID,SALARY,NAME_OF_WORKER,SECURITY_STATION,PASSENGER_ID,TIME_OF_SCHIFT) values ('2585','2550','Maxwell Hines','2','8888261','6:00 - 13:00');
Insert into SECURITY_WORKER (WORKER_ID,SALARY,NAME_OF_WORKER,SECURITY_STATION,PASSENGER_ID,TIME_OF_SCHIFT) values ('2586','2550','Frederic Hopps','3','8888262','13:00 - 20:00');
Insert into SECURITY_WORKER (WORKER_ID,SALARY,NAME_OF_WORKER,SECURITY_STATION,PASSENGER_ID,TIME_OF_SCHIFT) values ('2587','2500','Joy CopeLand','3','8888263','13:00 - 20:00');
Insert into SECURITY_WORKER (WORKER_ID,SALARY,NAME_OF_WORKER,SECURITY_STATION,PASSENGER_ID,TIME_OF_SCHIFT) values ('2588','2500','Louie Moss','3','8888264','13:00 - 20:00');
Insert into SECURITY_WORKER (WORKER_ID,SALARY,NAME_OF_WORKER,SECURITY_STATION,PASSENGER_ID,TIME_OF_SCHIFT) values ('2589','2500','Evan Baker','1','8888265','3:00-6:00');
Insert into SECURITY_WORKER (WORKER_ID,SALARY,NAME_OF_WORKER,SECURITY_STATION,PASSENGER_ID,TIME_OF_SCHIFT) values ('2590','2500','Andre Pate','1','8888266','3:00-6:00');
Insert into SECURITY_WORKER (WORKER_ID,SALARY,NAME_OF_WORKER,SECURITY_STATION,PASSENGER_ID,TIME_OF_SCHIFT) values ('2591','2500','Jerome Duke','1','8888267','3:00-6:00');
Insert into SECURITY_WORKER (WORKER_ID,SALARY,NAME_OF_WORKER,SECURITY_STATION,PASSENGER_ID,TIME_OF_SCHIFT) values ('2592','2450','Mickayla Petersson','1','8888268','3:00-6:00');
Insert into SECURITY_WORKER (WORKER_ID,SALARY,NAME_OF_WORKER,SECURITY_STATION,PASSENGER_ID,TIME_OF_SCHIFT) values ('2593','2500','Reece Harvey','1','8888269','3:00-6:00');
Insert into SECURITY_WORKER (WORKER_ID,SALARY,NAME_OF_WORKER,SECURITY_STATION,PASSENGER_ID,TIME_OF_SCHIFT) values ('2594','2500','Frederic Hopps','3','8888270','13:00 - 20:00');
Insert into SECURITY_WORKER (WORKER_ID,SALARY,NAME_OF_WORKER,SECURITY_STATION,PASSENGER_ID,TIME_OF_SCHIFT) values ('2595','2500','Jordan Petersson','2','8888271','6:00 - 13:00');
Insert into SECURITY_WORKER (WORKER_ID,SALARY,NAME_OF_WORKER,SECURITY_STATION,PASSENGER_ID,TIME_OF_SCHIFT) values ('2596','2500','John Deacon','3','8888272','13:00 - 20:00');
Insert into SECURITY_WORKER (WORKER_ID,SALARY,NAME_OF_WORKER,SECURITY_STATION,PASSENGER_ID,TIME_OF_SCHIFT) values ('2597','2600','Brian May','4','8888273','20:00 - 3:00');
Insert into SECURITY_WORKER (WORKER_ID,SALARY,NAME_OF_WORKER,SECURITY_STATION,PASSENGER_ID,TIME_OF_SCHIFT) values ('2598','2450','Keira Powell','3','8888274','13:00 - 20:00');
Insert into SECURITY_WORKER (WORKER_ID,SALARY,NAME_OF_WORKER,SECURITY_STATION,PASSENGER_ID,TIME_OF_SCHIFT) values ('2599','2500','Roger Paul','4','8888275','20:00 - 3:00');
   


ALTER TABLE PASSENGER ADD CONSTRAINT FK_LUGGAGE_ID FOREIGN KEY (LUGGAGE_ID) REFERENCES LUGGAGE(LUGGAGE_ID);
ALTER TABLE SECURITY_WORKER ADD CONSTRAINT FK_PASSENGER_ID_S FOREIGN KEY (PASSENGER_ID) REFERENCES PASSENGER(PASSENGER_ID);
ALTER TABLE CHECK_IN_WORKER ADD CONSTRAINT FK_PASSENGER_ID_C FOREIGN KEY (PASSENGER_ID) REFERENCES PASSENGER(PASSENGER_ID);
ALTER TABLE AIRPLANE ADD CONSTRAINT FK_HOME_ATC_WORKER_ID FOREIGN KEY (HOME_ATC_WORKER_ID) REFERENCES AIR_TRAFFIC_CONTROLLER(HOME_ATC_WORKER_ID);
ALTER TABLE AIRPLANE ADD CONSTRAINT FK_DESTINATION_TOWER_ID FOREIGN KEY (DESTINATION_TOWER_ID) REFERENCES PLANES_DESTINATION_ATCT(DESTINATION_TOWER_ID);
ALTER TABLE PLANES_DESTINATION_ATCT ADD CONSTRAINT FK_HOME_ATC_WORKER_ID_2 FOREIGN KEY (HOME_ATC_WORKER_ID) REFERENCES AIR_TRAFFIC_CONTROLLER(HOME_ATC_WORKER_ID);
ALTER TABLE AIRPLANE ADD CONSTRAINT PILOT_ID_AIRPLANE FOREIGN KEY (PILOT_ID) REFERENCES PILOT(PILOT_ID);
ALTER TABLE AIRPLANE ADD CONSTRAINT PASSENGER_ID_AIRPLANE FOREIGN KEY (PASSENGER_ID) REFERENCES PASSENGER(PASSENGER_ID);
ALTER TABLE AIRPLANE ADD CONSTRAINT HANGAR_ID_AIRPLANE FOREIGN KEY (HANGAR_ID) REFERENCES HANGAR(HANGAR_ID);
ALTER TABLE HANGAR ADD CONSTRAINT PILOT_ID_HANGAR FOREIGN KEY(PILOT_ID) REFERENCES PILOT(PILOT_ID);
ALTER TABLE HANGAR ADD CONSTRAINT AIRPLANE_ID_HANGAR FOREIGN KEY(AIRPLANE_ID) REFERENCES AIRPLANE(AIRPLANE_ID);
ALTER TABLE MECHANIC ADD CONSTRAINT AIRPLANE_ID_MECHANIC FOREIGN KEY(AIRPLANE_ID) REFERENCES AIRPLANE(AIRPLANE_ID);
ALTER TABLE HANGAR ADD CONSTRAINT VEHICLE_ID_HANGAR FOREIGN KEY(VEHICLE_ID) REFERENCES LAND_VEHICLE(VEHICLE_ID);
ALTER TABLE HANGAR ADD CONSTRAINT DRIVER_ID_DRIVER FOREIGN KEY (DRIVER_ID) REFERENCES DRIVER(DRIVER_ID);
ALTER TABLE HANGAR ADD CONSTRAINT MECHANIC_ID_MECHANIC FOREIGN KEY(MECHANIC_ID) REFERENCES MECHANIC(MECHANIC_ID);
ALTER TABLE MECHANIC ADD CONSTRAINT VEHICLE_ID FOREIGN KEY(VEHICLE_ID) REFERENCES LAND_VEHICLE(VEHICLE_ID);
ALTER TABLE LAND_VEHICLE ADD CONSTRAINT HANGAR_ID_VE FOREIGN KEY(HANGAR_ID) REFERENCES HANGAR(HANGAR_ID);
ALTER TABLE LAND_VEHICLE ADD CONSTRAINT DRIVER_ID_VEHICLE FOREIGN KEY(DRIVER_ID) REFERENCES DRIVER(DRIVER_ID);
ALTER TABLE DRIVER ADD CONSTRAINT VEHICLE_ID_DRIVER FOREIGN KEY(VEHICLE_ID) REFERENCES LAND_VEHICLE(VEHICLE_ID);




/* ########## ˙plnÈ VyËistenie datab·zy ################## "Debug mode" nesp˙öùaù!*/
/*
ALTER TABLE PASSENGER Drop CONSTRAINT FK_LUGGAGE_ID;
ALTER TABLE SECURITY_WORKER drop CONSTRAINT FK_PASSENGER_ID_S;
ALTER TABLE CHECK_IN_WORKER drop CONSTRAINT FK_PASSENGER_ID_C;
ALTER TABLE AIRPLANE drop CONSTRAINT FK_HOME_ATC_WORKER_ID;
ALTER TABLE AIRPLANE drop CONSTRAINT FK_DESTINATION_TOWER_ID;
ALTER TABLE PLANES_DESTINATION_ATCT drop CONSTRAINT FK_HOME_ATC_WORKER_ID_2;
ALTER TABLE AIRPLANE drop CONSTRAINT PILOT_ID_AIRPLANE;
ALTER TABLE AIRPLANE drop CONSTRAINT PASSENGER_ID_AIRPLANE;
ALTER TABLE AIRPLANE drop CONSTRAINT HANGAR_ID_AIRPLANE;
ALTER TABLE HANGAR drop CONSTRAINT PILOT_ID_HANGAR;
ALTER TABLE HANGAR drop CONSTRAINT AIRPLANE_ID_HANGAR;
ALTER TABLE MECHANIC drop CONSTRAINT AIRPLANE_ID_MECHANIC;
ALTER TABLE HANGAR drop CONSTRAINT VEHICLE_ID_HANGAR;
ALTER TABLE HANGAR drop CONSTRAINT DRIVER_ID_DRIVER;
ALTER TABLE HANGAR drop CONSTRAINT MECHANIC_ID_MECHANIC;
ALTER TABLE MECHANIC drop CONSTRAINT VEHICLE_ID;
ALTER TABLE LAND_VEHICLE drop CONSTRAINT HANGAR_ID_VE;
ALTER TABLE LAND_VEHICLE drop CONSTRAINT DRIVER_ID_VEHICLE;
ALTER TABLE DRIVER drop CONSTRAINT VEHICLE_ID_DRIVER;

drop table air_traffic_controller;
drop table airplane;
drop table driver;
drop table hangar;
drop table CHECK_IN_WORKER;
drop table land_vehicle;
drop table luggage;
drop table mechanic;
drop table passenger;
drop table pilot;
drop table PLANES_DESTINATION_ATCT;
drop table SECURITY_WORKER;
*/
